brand,carname,carimg,salevolume,price,manufacturer,carmodel,energytype,marketime,insure
理想汽车,理想i6,https://p3-dcd.byteimg.com/tos-cn-i-dcdx/23bca80155b2406abca7b473c8e85691~tplv-resize:640:0.png?psm=motor.rank.data,996,"[26.98, 24.98]",理想汽车,中大型SUV,纯电动,2025.09,5年或10万公里
蔚来,蔚来ES8,https://p3-dcd.byteimg.com/tos-cn-i-dcdx/3ee6d8e17f414ad9b5a4546607ec9877~tplv-resize:640:0.png?psm=motor.rank.data,884,"[45.68, 40.68]",蔚来,大型SUV,纯电动,2025.09,3年或12万公里
小米汽车,小米SU7,https://p3-dcd.byteimg.com/tos-cn-i-dcdx/cbdad660b73c48808f6c6317e38738e2~tplv-resize:640:0.png?psm=motor.rank.data,763,"[30.39, 21.99]",小米汽车,中大型车,纯电动,2026.03,5年或10万公里
ARCFOX极狐,极狐 阿尔法S5,https://p3-dcd.byteimg.com/tos-cn-i-dcdx/5dbe7533a7384d43aff84fc56d4fde0d~tplv-resize:640:0.png?psm=motor.rank.data,723,"[17.78, 10.48]",北汽新能源,中型车,增程式,2026.03,3年或12万公里
特斯拉,Model Y,https://p9-dcd.byteimg.com/tos-cn-i-dcdx/31b02aeb33334fb28e2c34dd81ed4528~tplv-resize:640:0.png?psm=motor.rank.data,719,"[31.35, 26.35]",特斯拉中国,中型SUV,纯电动,2026.01,4年或8万公里
吉利汽车,缤越,https://p3-dcd.byteimg.com/tos-cn-i-dcdx/1546bce3c7764e6b9a895274b29a019f~tplv-resize:640:0.png?psm=motor.rank.data,703,"[9.78, 6.68]",吉利汽车,小型SUV,汽油,2024.07,4年或10万公里
比亚迪,海狮06EV,https://p3-dcd.byteimg.com/tos-cn-i-dcdx/2f4d4de44df0441383cd118517635fda~tplv-resize:640:0.png?psm=motor.rank.data,580,"[17.99, 14.38]",比亚迪,中型SUV,纯电动,2026.03,6年或15万公里
比亚迪,秦PLUS DM,https://p3-dcd.byteimg.com/tos-cn-i-dcdx/07aa7548dcd2431799fcc58785c6d74b~tplv-resize:640:0.png?psm=motor.rank.data,537,"[10.38, 7.98]",比亚迪,紧凑型车,插电式混合动力,2026.01,6年或15万公里
比亚迪,宋Ultra EV,https://p3-dcd.byteimg.com/tos-cn-i-dcdx/65acb4b1c509483ba0df1d58ef560da6~tplv-resize:640:0.png?psm=motor.rank.data,530,"[17.99, 15.19]",比亚迪,中型SUV,纯电动,2026.03,6年或15万公里
奔驰,奔驰GLC,https://p9-dcd.byteimg.com/tos-cn-i-dcdx/99afdf53229145caadf53e1be4f54ff5~tplv-resize:640:0.png?psm=motor.rank.data,449,"[46.28, 35.18]",北京奔驰,中型SUV,48V轻混系统,2026.04,3年不限公里
AITO,问界M7,https://p9-dcd.byteimg.com/tos-cn-i-dcdx/f0139587d2084e03a6a9ab6e8db0fcf7~tplv-resize:640:0.png?psm=motor.rank.data,443,"[38.98, 27.98]",赛力斯汽车,中大型SUV,纯电动,2025.09,4年或10万公里
小米汽车,小米YU7,https://p9-dcd.byteimg.com/tos-cn-i-dcdx/d7ff66203a754169bf75cb1f0f713420~tplv-resize:640:0.png?psm=motor.rank.data,428,"[32.99, 25.35]",小米汽车,中大型SUV,纯电动,2025.06,5年或10万公里
极氪,ZEEKR 9X,https://p9-dcd.byteimg.com/tos-cn-i-dcdx/aa455b63a7a54255ad80d02ec31a7c1c~tplv-resize:640:0.png?psm=motor.rank.data,426,"[59.99, 46.59]",极氪,大型SUV,插电式混合动力,2025.09,6年或15万公里
魏牌,高山,https://p3-dcd.byteimg.com/tos-cn-i-dcdx/d0b5dcdb6a9d40c88c3fb35b7499079c~tplv-resize:640:0.png?psm=motor.rank.data,392,"[35.38, 28.58]",长城汽车,中大型MPV,插电式混合动力,2025.10,6年或15万公里
腾势,腾势D9 DM,https://p3-dcd.byteimg.com/tos-cn-i-dcdx/a8bc20def6f04e0194fa0adc34df430b~tplv-resize:640:0.png?psm=motor.rank.data,374,"[45.98, 30.98]",腾势汽车,中大型MPV,插电式混合动力,2026.04,6年或15万公里
坦克,坦克300,https://p3-dcd.byteimg.com/tos-cn-i-dcdx/c165012de7a54454aec3825533f6e1c3~tplv-resize:640:0.png?psm=motor.rank.data,374,"[23.48, 19.98]",长城汽车,紧凑型SUV,汽油,2025.03,5年或15万公里
大众,朗逸,https://p9-dcd.byteimg.com/tos-cn-i-dcdx/32129dbc6b824b1abf2e2388c1890b95~tplv-resize:640:0.png?psm=motor.rank.data,367,"[15.19, 7.999]",上汽大众,紧凑型车,汽油,2026.01,3年或10万公里
ARCFOX极狐,极狐 阿尔法T5,https://p3-dcd.byteimg.com/tos-cn-i-dcdx/edf42ae3ba794dd7af1f220f80edfc80~tplv-resize:640:0.png?psm=motor.rank.data,365,"[15.88, 11.38]",北汽新能源,中型SUV,纯电动,2025.10,3年或12万公里
奥迪,奥迪A6L,https://p9-dcd.byteimg.com/tos-cn-i-dcdx/91eaac8446114757841144c12ddb8d37~tplv-resize:640:0.png?psm=motor.rank.data,362,"[55.89, 32.29]",一汽奥迪,中大型车,汽油,2026.03,3年或10万公里
奥迪,奥迪Q5L,https://p9-dcd.byteimg.com/tos-cn-i-dcdx/0eb7058e774841969c92d987e64c09f5~tplv-resize:640:0.png?psm=motor.rank.data,361,"[39.98, 30.98]",一汽奥迪,中型SUV,油电混合,2026.01,3年或10万公里
奔驰,奔驰E级,https://p9-dcd.byteimg.com/tos-cn-i-dcdx/9b08b1c3602645d7ad7574aeb71b6ce3~tplv-resize:640:0.png?psm=motor.rank.data,357,"[59.98, 37.88]",北京奔驰,中大型车,48V轻混系统,2026.04,3年不限公里
方程豹,钛7 PHEV,https://p3-dcd.byteimg.com/tos-cn-i-dcdx/3bb475c050b541e494e0fc3c10da4d40~tplv-resize:640:0.png?psm=motor.rank.data,342,"[21.98, 17.98]",方程豹,中大型SUV,插电式混合动力,2025.09,6年或15万公里
大众,帕萨特,https://p9-dcd.byteimg.com/tos-cn-i-dcdx/b4285df0389c47399c7f0fa8d52a8334~tplv-resize:640:0.png?psm=motor.rank.data,336,"[30.98, 16.45]",上汽大众,中型车,汽油,2025.09,3年或10万公里
ARCFOX极狐,极狐T1,https://p3-dcd.byteimg.com/tos-cn-i-dcdx/8c49609f761840fc8742c0a59f12fba7~tplv-resize:640:0.png?psm=motor.rank.data,334,"[8.78, 6.28]",北汽新能源,小型车,纯电动,2025.09,5年或12万公里
比亚迪,秦L EV,https://p3-dcd.byteimg.com/tos-cn-i-dcdx/85588b26d46b44a9b56e5291a42dfcd0~tplv-resize:640:0.png?psm=motor.rank.data,308,"[13.98, 11.98]",比亚迪,中型车,纯电动,2025.03,6年或15万公里
大众,迈腾,https://p3-dcd.byteimg.com/tos-cn-i-dcdx/af209a0bc7a548a89dc86b1062cac9c7~tplv-resize:640:0.png?psm=motor.rank.data,306,"[24.69, 17.49]",一汽-大众,中型车,汽油,2025.10,3年或10万公里
丰田,凯美瑞,https://p9-dcd.byteimg.com/tos-cn-i-dcdx/2aab00ba5d8d42378373ea6a304e0c3d~tplv-resize:640:0.png?psm=motor.rank.data,305,"[25.98, 17.18]",广汽丰田,中型车,汽油,2025.07,3年或10万公里
特斯拉,Model Y L,https://p9-dcd.byteimg.com/tos-cn-i-dcdx/dea2fae378bf4e19aaff0632f93b1143~tplv-resize:640:0.png?psm=motor.rank.data,304,"[33.9, 33.9]",特斯拉中国,中大型SUV,纯电动,2025.08,4年或8万公里
丰田,卡罗拉锐放,https://p3-dcd.byteimg.com/tos-cn-i-dcdx/ed29d140eaba4685b466b69482e34e3b~tplv-resize:640:0.png?psm=motor.rank.data,302,"[18.48, 12.68]",一汽丰田,紧凑型SUV,汽油,2025.10,3年或10万公里
丰田,亚洲龙,https://p3-dcd.byteimg.com/tos-cn-i-dcdx/b47ec0be1ba940aa8e02b93784b6949e~tplv-resize:640:0.png?psm=motor.rank.data,300,"[25.68, 17.88]",一汽丰田,中型车,汽油,2026.04,3年或10万公里
丰田,赛那,https://p9-dcd.byteimg.com/tos-cn-i-dcdx/0c4126f4e19f4486ab824f4c0abb7a95~tplv-resize:640:0.png?psm=motor.rank.data,284,"[39.38, 29.98]",广汽丰田,中大型MPV,油电混合,2025.09,3年或10万公里
宝马,宝马X3,https://p3-dcd.byteimg.com/tos-cn-i-dcdx/fb1e7339815e45b8a6a0ed3751e70b39~tplv-resize:640:0.png?psm=motor.rank.data,283,"[44.99, 31.8]",华晨宝马,中型SUV,汽油,2026.01,3年或10万公里
比亚迪,秦L DM,https://p9-dcd.byteimg.com/tos-cn-i-dcdx/bd39ba753b9c4393b21bd28ad5603bed~tplv-resize:640:0.png?psm=motor.rank.data,282,"[15.38, 9.68]",比亚迪,中型车,插电式混合动力,2025.10,6年或15万公里
别克,别克GL8,https://p3-dcd.byteimg.com/tos-cn-i-dcdx/101a350c342f4960866dd96f321cacb8~tplv-resize:640:0.png?psm=motor.rank.data,274,"[36.99, 22.99]",上汽通用别克,中大型MPV,48V轻混系统,2026.05,3年或10万公里
AITO,问界M8,https://p9-dcd.byteimg.com/tos-cn-i-dcdx/5dd7baa13f2349d6adbab30c5f58e168~tplv-resize:640:0.png?psm=motor.rank.data,258,"[45.98, 35.98]",赛力斯汽车,大型SUV,增程式,2025.04,4年或10万公里
大众,途观L,https://p3-dcd.byteimg.com/tos-cn-i-dcdx/531775569f224f82a4f363c9ae6461f7~tplv-resize:640:0.png?psm=motor.rank.data,253,"[26.68, 18.68]",上汽大众,中型SUV,汽油,2026.04,3年或10万公里
深蓝汽车,深蓝S05,https://p9-dcd.byteimg.com/tos-cn-i-dcdx/7a0815248ed74d30931d95eb907b6b6a~tplv-resize:640:0.png?psm=motor.rank.data,252,"[14.99, 11.99]",深蓝汽车,紧凑型SUV,纯电动,2025.08,3年或12万公里
小鹏汽车,小鹏MONA M03,https://p3-dcd.byteimg.com/tos-cn-i-dcdx/be32e669a009490ba81e8c7cf0145a42~tplv-resize:640:0.png?psm=motor.rank.data,247,"[15.18, 11.98]",小鹏汽车,紧凑型车,纯电动,2026.04,5年或12万公里
比亚迪,海狮05EV,https://p3-dcd.byteimg.com/tos-cn-i-dcdx/637cf9466226426097215c68f48731be~tplv-resize:640:0.png?psm=motor.rank.data,246,"[14.59, 11.78]",比亚迪,紧凑型SUV,纯电动,2026.04,6年或15万公里
岚图,岚图梦想家 PHEV,https://p3-dcd.byteimg.com/tos-cn-i-dcdx/61732b2c7a5548e7bee29f8cd4f2a617~tplv-resize:640:0.png?psm=motor.rank.data,245,"[70.99, 30.99]",岚图汽车,中大型MPV,插电式混合动力,2026.04,5年或10万公里
吉利银河,星愿,https://p3-dcd.byteimg.com/tos-cn-i-dcdx/ac8a5ee1d8774df59ccd8aaa375fac7e~tplv-resize:640:0.png?psm=motor.rank.data,244,"[9.88, 6.88]",吉利银河,小型车,纯电动,2025.10,6年或15万公里
丰田,格瑞维亚,https://p3-dcd.byteimg.com/tos-cn-i-dcdx/49e1392bcbbb4657a97e08b658891ced~tplv-resize:640:0.png?psm=motor.rank.data,243,"[41.68, 29.98]",一汽丰田,中大型MPV,油电混合,2025.10,3年或10万公里
大众,速腾,https://p3-dcd.byteimg.com/tos-cn-i-dcdx/15379fc13832440dadce67e9c325d1ea~tplv-resize:640:0.png?psm=motor.rank.data,240,"[16.49, 9.38]",一汽-大众,紧凑型车,汽油,2025.09,3年或10万公里
比亚迪,元UP,https://p3-dcd.byteimg.com/tos-cn-i-dcdx/f3bd2e9744044187b726b05ecccdce42~tplv-resize:640:0.png?psm=motor.rank.data,238,"[11.98, 7.48]",比亚迪,小型SUV,纯电动,2025.07,6年或15万公里
大众,途岳,https://p9-dcd.byteimg.com/tos-cn-i-dcdx/c33c6674860948149e5d808e05ae222d~tplv-resize:640:0.png?psm=motor.rank.data,226,"[21.66, 12.59]",上汽大众,紧凑型SUV,汽油,2025.08,3年或10万公里
广汽传祺,传祺M8,https://p3-dcd.byteimg.com/tos-cn-i-dcdx/d98ba6ea12114ffd9a0043e58579784a~tplv-resize:640:0.png?psm=motor.rank.data,221,"[23.98, 18.98]",广汽传祺,中大型MPV,汽油,2026.04,3年或10万公里
大众,探岳,https://p3-dcd.byteimg.com/tos-cn-i-dcdx/7eefe32d76bd4d3a97d5a24b520a2df7~tplv-resize:640:0.png?psm=motor.rank.data,219,"[25.99, 19.89]",一汽-大众,中型SUV,汽油,2026.03,3年或10万公里
宝马,宝马X5,https://p3-dcd.byteimg.com/tos-cn-i-dcdx/bf84f7f297c74b4ab69467bef101e7e1~tplv-resize:640:0.png?psm=motor.rank.data,213,"[74.8, 59.8]",华晨宝马,中大型SUV,48V轻混系统,2026.01,3年或10万公里
吉利汽车,星越L,https://p3-dcd.byteimg.com/tos-cn-i-dcdx/588bea89ef084984b66a2ee353b261ff~tplv-resize:640:0.png?psm=motor.rank.data,211,"[17.97, 13.97]",吉利汽车,紧凑型SUV,油电混合,2026.04,5年或15万公里
极氪,ZEEKR 7X,https://p3-dcd.byteimg.com/tos-cn-i-dcdx/5c1bfaaf6b9d448294c69698ce7cde5a~tplv-resize:640:0.png?psm=motor.rank.data,208,"[26.99, 22.98]",极氪,中型SUV,纯电动,2025.10,4年或10万公里
零跑汽车,零跑A10,https://p3-dcd.byteimg.com/tos-cn-i-dcdx/8e18f595bd944717b1137b2808f3e02e~tplv-resize:640:0.png?psm=motor.rank.data,204,"[8.68, 6.58]",零跑汽车,小型SUV,纯电动,2026.03,4年或12万公里
红旗,红旗H5,https://p3-dcd.byteimg.com/motor-mis-img/4e5a38bacf99a7c63567e63f3bde1216~tplv-resize:640:0.png?psm=motor.rank.data,201,"[21.58, 15.98]",一汽红旗,中型车,汽油,2024.09,4年或10万公里
捷途,捷途旅行者,https://p9-dcd.byteimg.com/tos-cn-i-dcdx/092556c4041e4aa5b62e6990c98f0ffa~tplv-resize:640:0.png?psm=motor.rank.data,201,"[23.99, 13.99]",奇瑞汽车,紧凑型SUV,汽油,2025.11,4年或10万公里
比亚迪,汉EV,https://p3-dcd.byteimg.com/tos-cn-i-dcdx/fbd454e1b6ae4c86b1468468f3372b9d~tplv-resize:640:0.png?psm=motor.rank.data,197,"[23.58, 17.98]",比亚迪,中大型车,纯电动,2026.04,6年或15万公里
firefly萤火虫,firefly萤火虫,https://p3-dcd.byteimg.com/tos-cn-i-dcdx/3552ee01219b490aad189f48f9ad7b2e~tplv-resize:640:0.png?psm=motor.rank.data,196,"[12.58, 11.98]",蔚来,小型车,纯电动,2026.04,4年或10万公里
红旗,红旗E-QM5,https://p3-dcd.byteimg.com/tos-cn-i-dcdx/b037b30e070943928eff5eb972564e56~tplv-resize:640:0.png?psm=motor.rank.data,193,"[20.18, 12.18]",一汽红旗,中型车,纯电动,2025.05,4年或10万公里
大众,途昂,https://p3-dcd.byteimg.com/tos-cn-i-dcdx/3a9fd474f4514a36b166ef56106ed877~tplv-resize:640:0.png?psm=motor.rank.data,193,"[35.99, 28.9]",上汽大众,中大型SUV,汽油,2025.09,3年或10万公里
宝马,宝马5系,https://p3-dcd.byteimg.com/tos-cn-i-dcdx/b2840cd65c064d7a830adb574272813f~tplv-resize:640:0.png?psm=motor.rank.data,192,"[52.59, 36.8]",华晨宝马,中大型车,48V轻混系统,2026.02,3年或10万公里
丰田,锋兰达,https://p9-dcd.byteimg.com/tos-cn-i-dcdx/334cd231b5094a5f914ba7d0d591db05~tplv-resize:640:0.png?psm=motor.rank.data,190,"[18.48, 12.58]",广汽丰田,紧凑型SUV,汽油,2025.09,3年或10万公里
奥迪,奥迪A3,https://p9-dcd.byteimg.com/tos-cn-i-dcdx/2440a980eef1436cb95453dd91fbddb3~tplv-resize:640:0.png?psm=motor.rank.data,181,"[20.99, 16.59]",一汽奥迪,紧凑型车,汽油,2025.10,3年或10万公里
宝马,宝马3系,https://p3-dcd.byteimg.com/tos-cn-i-dcdx/8a3daca02bc04bfea188f572f278aaf6~tplv-resize:640:0.png?psm=motor.rank.data,180,"[39.99, 25.8]",华晨宝马,中型车,汽油,2026.01,3年或10万公里
方程豹,钛3,https://p3-dcd.byteimg.com/tos-cn-i-dcdx/b346019c287c4d91993940c214b5e212~tplv-resize:640:0.png?psm=motor.rank.data,173,"[17.78, 13.38]",方程豹,紧凑型SUV,纯电动,2026.03,6年或15万公里
长安启源,长安启源Q05,https://p3-dcd.byteimg.com/tos-cn-i-dcdx/d165339b96b94c7bb9f77369d17afdc1~tplv-resize:640:0.png?psm=motor.rank.data,172,"[11.49, 7.99]",长安启源,紧凑型SUV,纯电动,2025.11,6年或15万公里
丰田,铂智7,https://p3-dcd.byteimg.com/tos-cn-i-dcdx/c439a3dbcd4646909a7361f90521bda6~tplv-resize:640:0.png?psm=motor.rank.data,171,"[22.98, 16.98]",广汽丰田,中大型车,纯电动,2026.03,3年或10万公里
本田,皓影,https://p3-dcd.byteimg.com/tos-cn-i-dcdx/adf3499684444e6d98ae7a0dc8c0edaf~tplv-resize:640:0.png?psm=motor.rank.data,171,"[26.39, 18.59]",广汽本田,紧凑型SUV,汽油,2024.10,3年或10万公里
大众,揽巡,https://p3-dcd.byteimg.com/tos-cn-i-dcdx/c6f5423785fd4fe7a919c455ef317ad5~tplv-resize:640:0.png?psm=motor.rank.data,170,"[29.99, 24.29]",一汽-大众,中大型SUV,汽油,2025.10,3年或10万公里
尚界,尚界H5,https://p3-dcd.byteimg.com/tos-cn-i-dcdx/9042984641d64c9d9b95205313970475~tplv-resize:640:0.png?psm=motor.rank.data,165,"[19.98, 15.98]",上汽集团,中型SUV,增程式,2025.09,4年或10万公里
别克,别克GL8 PHEV,https://p9-dcd.byteimg.com/tos-cn-i-dcdx/bd3282d79812431f969493d86f94c9b5~tplv-resize:640:0.png?psm=motor.rank.data,165,"[39.99, 24.99]",上汽通用别克,中大型MPV,插电式混合动力,2025.08,3年或10万公里
比亚迪,宋Pro DM,https://p3-dcd.byteimg.com/tos-cn-i-dcdx/8df8dbed439e443684adc6b758d97208~tplv-resize:640:0.png?psm=motor.rank.data,164,"[13.29, 10.28]",比亚迪,紧凑型SUV,插电式混合动力,2026.04,6年或15万公里
丰田,RAV4荣放,https://p9-dcd.byteimg.com/tos-cn-i-dcdx/e8651090ef4344d1be51b524ff1904bf~tplv-resize:640:0.png?psm=motor.rank.data,161,"[23.88, 16.98]",一汽丰田,紧凑型SUV,汽油,2025.11,3年或10万公里
乐道,乐道L90,https://p3-dcd.byteimg.com/tos-cn-i-dcdx/65dbf1ff3d634565aeada6c1bd578b0e~tplv-resize:640:0.png?psm=motor.rank.data,159,"[30.68, 26.58]",蔚来,大型SUV,纯电动,2026.04,4年或10万公里
蔚来,蔚来ET5,https://p3-dcd.byteimg.com/tos-cn-i-dcdx/021a6d4c02a74d718f7806e6c7239461~tplv-resize:640:0.png?psm=motor.rank.data,159,"[31.6, 29.8]",蔚来,中型车,纯电动,2026.04,3年或12万公里
哈弗,哈弗大狗,https://p9-dcd.byteimg.com/tos-cn-i-dcdx/413defba9aa74f2892f7f7ced70ce53a~tplv-resize:640:0.png?psm=motor.rank.data,158,"[14.99, 12.39]",长城汽车,紧凑型SUV,汽油,2025.07,3年或10万公里
零跑汽车,零跑B01,https://p9-dcd.byteimg.com/tos-cn-i-dcdx/5be73db764e24be994db9929909433f4~tplv-resize:640:0.png?psm=motor.rank.data,154,"[11.98, 8.98]",零跑汽车,紧凑型车,纯电动,2025.07,4年或12万公里
小鹏汽车,小鹏P7+,https://p3-dcd.byteimg.com/tos-cn-i-dcdx/bdbf5c40371e43bebf44a85a60292a41~tplv-resize:640:0.png?psm=motor.rank.data,153,"[20.88, 18.68]",小鹏汽车,中大型车,增程式,2026.01,5年或12万公里
埃安,AION i60,https://p3-dcd.byteimg.com/tos-cn-i-dcdx/371db0cffb5143d9a38f62f951730f40~tplv-resize:640:0.png?psm=motor.rank.data,147,"[13.58, 10.28]",广汽埃安新能源,紧凑型SUV,增程式,2026.03,4年或15万公里
小鹏汽车,小鹏X9,https://p3-dcd.byteimg.com/tos-cn-i-dcdx/7236bcb43a8e4434ab243e8d98ca165f~tplv-resize:640:0.png?psm=motor.rank.data,147,"[36.98, 30.98]",小鹏汽车,中大型MPV,增程式,2025.11,5年或12万公里
别克,昂科威,https://p3-dcd.byteimg.com/tos-cn-i-dcdx/dc18eb3ac0974de39301da05d78203e4~tplv-resize:640:0.png?psm=motor.rank.data,145,"[25.99, 22.99]",上汽通用别克,中型SUV,汽油,2025.09,3年或10万公里
比亚迪,海豹05DM,https://p3-dcd.byteimg.com/tos-cn-i-dcdx/6df1594168fd4c91a5a246a6371ab175~tplv-resize:640:0.png?psm=motor.rank.data,142,"[10.38, 7.98]",比亚迪,紧凑型车,插电式混合动力,2025.10,6年或15万公里
日产,轩逸,https://p9-dcd.byteimg.com/tos-cn-i-dcdx/b4fb6a87e743456b85258d35e894b3f2~tplv-resize:640:0.png?psm=motor.rank.data,138,"[17.49, 7.99]",东风日产,紧凑型车,汽油,2026.02,3年或10万公里
理想汽车,理想i8,https://p3-dcd.byteimg.com/tos-cn-i-dcdx/bd586b34b6c34a4e9b8db8fa1f061fe5~tplv-resize:640:0.png?psm=motor.rank.data,137,"[33.98, 33.98]",理想汽车,中大型SUV,纯电动,2025.08,5年或10万公里
丰田,汉兰达,https://p9-dcd.byteimg.com/tos-cn-i-dcdx/c01c88a195ec4e568a89fc6b250ff423~tplv-resize:640:0.png?psm=motor.rank.data,137,"[32.58, 24.98]",广汽丰田,中型SUV,汽油,2025.09,3年或10万公里
比亚迪,海豹06EV,https://p9-dcd.byteimg.com/tos-cn-i-dcdx/0f8f68edffef4a25801febb0c59ed9ec~tplv-resize:640:0.png?psm=motor.rank.data,135,"[12.98, 10.98]",比亚迪,中型车,纯电动,2025.06,6年或15万公里
丰田,卡罗拉,https://p3-dcd.byteimg.com/tos-cn-i-dcdx/ba722f1719804375b600d5c5a8de0640~tplv-resize:640:0.png?psm=motor.rank.data,135,"[15.58, 11.68]",一汽丰田,紧凑型车,汽油,2025.12,3年或10万公里
AITO,问界M9,https://p9-dcd.byteimg.com/tos-cn-i-dcdx/cba1a983417940e1bc8cc282ffa9b846~tplv-resize:640:0.png?psm=motor.rank.data,133,"[59.98, 46.98]",赛力斯汽车,大型SUV,增程式,2025.03,4年或10万公里
奔驰,奔驰C级,https://p3-dcd.byteimg.com/tos-cn-i-dcdx/e8abf034d5504085a9850c7b7632b065~tplv-resize:640:0.png?psm=motor.rank.data,133,"[38.06, 29.99]",北京奔驰,中型车,48V轻混系统,2025.11,3年不限公里
丰田,铂智3X,https://p3-dcd.byteimg.com/tos-cn-i-dcdx/dfc3ef12f3694e8abc05d4938302bb3e~tplv-resize:640:0.png?psm=motor.rank.data,132,"[15.98, 10.98]",广汽丰田,紧凑型SUV,纯电动,2026.05,3年或10万公里
深蓝汽车,深蓝S07,https://p3-dcd.byteimg.com/tos-cn-i-dcdx/cf7c0306cbcc4bf59fb91444b20bf80a~tplv-resize:640:0.png?psm=motor.rank.data,128,"[17.49, 15.69]",深蓝汽车,中型SUV,增程式,2025.09,3年或12万公里
iCAR,iCAR V27,https://p9-dcd.byteimg.com/tos-cn-i-dcdx/c08399c05527410ebfb85a391d275c65~tplv-resize:640:0.png?psm=motor.rank.data,127,"[19.68, 16.98]",奇瑞新能源,中大型SUV,增程式,2026.03,5年或12万公里
北京越野,北京越野BJ30,https://p9-dcd.byteimg.com/tos-cn-i-dcdx/9ffd822a36be4f968238a83ea4bac9c2~tplv-resize:640:0.png?psm=motor.rank.data,126,"[13.69, 9.99]",北京汽车,紧凑型SUV,汽油,2025.09,5年或15万公里
零跑汽车,零跑C10,https://p9-dcd.byteimg.com/tos-cn-i-dcdx/4fbd6a7c598d4e2c8edfe0d08b6179c0~tplv-resize:640:0.png?psm=motor.rank.data,122,"[16.88, 12.28]",零跑汽车,中型SUV,增程式,2025.05,4年或12万公里
蔚来,蔚来ES6,https://p3-dcd.byteimg.com/tos-cn-i-dcdx/feffe1ceb54d462ab4c050ad15104810~tplv-resize:640:0.png?psm=motor.rank.data,122,"[35, 33.8]",蔚来,中型SUV,纯电动,2026.04,3年或12万公里
吉利银河,银河E5,https://p3-dcd.byteimg.com/tos-cn-i-dcdx/cc78c9cb168045de9b364f51140dafd5~tplv-resize:640:0.png?psm=motor.rank.data,113,"[17.98, 10.78]",吉利银河,紧凑型SUV,纯电动,2025.07,4年或10万公里
比亚迪,秦PLUS EV,https://p3-dcd.byteimg.com/tos-cn-i-dcdx/bea43ec45387461aa6579a7566a40a51~tplv-resize:640:0.png?psm=motor.rank.data,113,"[17.58, 8.98]",比亚迪,紧凑型车,纯电动,2025.09,6年或15万公里
日产,日产N6,https://p3-dcd.byteimg.com/tos-cn-i-dcdx/806998923a104bdd8ca07df13ed0b80a~tplv-resize:640:0.png?psm=motor.rank.data,112,"[12.99, 10.39]",东风日产,中型车,插电式混合动力,2026.04,6年或15万公里
比亚迪,元PLUS,https://p9-dcd.byteimg.com/tos-cn-i-dcdx/0a5f95e3492e4cf6b15953b57949fe48~tplv-resize:640:0.png?psm=motor.rank.data,112,"[14.78, 11.58]",比亚迪,紧凑型SUV,纯电动,2025.03,6年或15万公里
小鹏汽车,小鹏G7,https://p3-dcd.byteimg.com/tos-cn-i-dcdx/40ed5c2834e54b0d8b30c3245c1a4bbd~tplv-resize:640:0.png?psm=motor.rank.data,107,"[22.58, 19.58]",小鹏汽车,中型SUV,增程式,2026.01, 5年或12万公里
沃尔沃,沃尔沃XC60,https://p3-dcd.byteimg.com/tos-cn-i-dcdx/3e80f01f2cf448f9ac80f28a621be7f5~tplv-resize:640:0.png?psm=motor.rank.data,107,"[47.49, 39.69]",沃尔沃亚太,中型SUV,48V轻混系统,2025.06,3年不限公里
小鹏汽车,小鹏G6,https://p3-dcd.byteimg.com/tos-cn-i-dcdx/2bf01fc3dadb42deb7d1d761542df1fa~tplv-resize:640:0.png?psm=motor.rank.data,106,"[19.88, 17.68]",小鹏汽车,中型SUV,增程式,2026.03,5年或12万公里
乐道,乐道L60,https://p9-dcd.byteimg.com/tos-cn-i-dcdx/f90673c17b5b41478cea7e8308ca1d05~tplv-resize:640:0.png?psm=motor.rank.data,105,"[25.59, 20.69]",蔚来,中型SUV,纯电动,2025.09,4年或10万公里
宝马,宝马X1,https://p3-dcd.byteimg.com/tos-cn-i-dcdx/bb5e191acc9e4e7a8950d316b0b5f2f1~tplv-resize:640:0.png?psm=motor.rank.data,105,"[33.8, 25.8]",华晨宝马,紧凑型SUV,汽油,2026.01,3年或10万公里
极氪,ZEEKR 001,https://p3-dcd.byteimg.com/tos-cn-i-dcdx/750b7836d2fa4303bb1831c88b379ddd~tplv-resize:640:0.png?psm=motor.rank.data,103,"[36.5, 26.98]",极氪,中大型车,纯电动,2025.10,4年或10万公里
丰田,威兰达,https://p3-dcd.byteimg.com/tos-cn-i-dcdx/9ac5e12a5eb646b0aafe086de5aa1bf2~tplv-resize:640:0.png?psm=motor.rank.data,103,"[26.48, 16.98]",广汽丰田,紧凑型SUV,汽油,2025.11,3年或10万公里
AITO,问界M6,https://p9-dcd.byteimg.com/tos-cn-i-dcdx/bb1573bb58fe4d0698465ed74f6e7a26~tplv-resize:640:0.png?psm=motor.rank.data,102,"[29.98, 25.98]",赛力斯汽车,中大型SUV,增程式,2026.04,4年或10万公里
比亚迪,海豚,https://p3-dcd.byteimg.com/tos-cn-i-dcdx/dc616c2ab21c47d9beddc2c940f8828d~tplv-resize:640:0.png?psm=motor.rank.data,102,"[12.98, 9.98]",比亚迪,小型车,纯电动,2025.02,6年或15万公里
特斯拉,Model 3,https://p3-dcd.byteimg.com/tos-cn-i-dcdx/f1cb1d06a54f44e0a4b8c7eefd1791cd~tplv-resize:640:0.png?psm=motor.rank.data,102,"[33.95, 23.55]",特斯拉中国,中型车,纯电动,2025.10,4年或8万公里
日产,天籁,https://p9-dcd.byteimg.com/tos-cn-i-dcdx/c2bf4927aec74d8992f0676817dedb63~tplv-resize:640:0.png?psm=motor.rank.data,101,"[23.98, 13.99]",东风日产,中型车,汽油,2025.11,3年或10万公里
荣威,荣威M7 DMH,https://p3-dcd.byteimg.com/tos-cn-i-dcdx/f021e0128ac1444b8438b79102d396c0~tplv-resize:640:0.png?psm=motor.rank.data,100,"[12.38, 9.78]",上汽集团,中型车,插电式混合动力,2026.04,3年或10万公里
智界,智界R7,https://p3-dcd.byteimg.com/tos-cn-i-dcdx/f04e325847834d80a949408719aeb52b~tplv-resize:640:0.png?psm=motor.rank.data,99,"[31.98, 24.98]",奇瑞汽车,中大型SUV,纯电动,2025.08,4年或10万公里
福特,锐界,https://p3-dcd.byteimg.com/tos-cn-i-dcdx/a628c6b405fa45d7b3c8605947e6d2f3~tplv-resize:640:0.png?psm=motor.rank.data,98,"[30.98, 22.68]",长安福特,中型SUV,汽油,2025.09,3年或10万公里
福特,探险者,https://p9-dcd.byteimg.com/tos-cn-i-dcdx/e176b8cf1d934c2c80c3db40747a214c~tplv-resize:640:0.png?psm=motor.rank.data,97,"[39.98, 30.98]",长安福特,中大型SUV,汽油,2025.06,3年或10万公里
腾势,腾势Z9GT EV,https://p3-dcd.byteimg.com/tos-cn-i-dcdx/1fbd29e0eb5e446fb6a278ed7f2fb73e~tplv-resize:640:0.png?psm=motor.rank.data,96,"[38.48, 26.98]",腾势汽车,中大型车,纯电动,2026.03,6年或15万公里
阿维塔,阿维塔 07,https://p3-dcd.byteimg.com/tos-cn-i-dcdx/8b7d620a07494ec4a54bbd467b1aa2da~tplv-resize:640:0.png?psm=motor.rank.data,96,"[28.99, 21.99]",阿维塔科技,中型SUV,增程式,2025.09,5年或12万公里
吉利汽车,博越L,https://p9-dcd.byteimg.com/tos-cn-i-dcdx/185e56933ef94d3a8ff2e319c3c52829~tplv-resize:640:0.png?psm=motor.rank.data,96,"[12.99, 9.99]",吉利汽车,紧凑型SUV,汽油,2026.04,4年或10万公里
埃安,AION RT,https://p9-dcd.byteimg.com/tos-cn-i-dcdx/e4498fa3f2bc49edb665eb140215e62c~tplv-resize:640:0.png?psm=motor.rank.data,95,"[12.88, 9.98]",广汽埃安新能源,紧凑型车,纯电动,2026.04,4年或15万公里
零跑汽车,零跑C16,https://p9-dcd.byteimg.com/tos-cn-i-dcdx/3a7e8d9383f14f67a0d76a57231764be~tplv-resize:640:0.png?psm=motor.rank.data,95,"[18.98, 15.18]",零跑汽车,中大型SUV,增程式,2025.06,4年或12万公里
红旗,红旗HS5,https://p3-dcd.byteimg.com/tos-cn-i-dcdx/ab8b7403cc8b4fb9a988e66dc53d5163~tplv-resize:640:0.png?psm=motor.rank.data,95,"[24.98, 18.38]",一汽红旗,中型SUV,汽油,2025.08,4年或10万公里
凯迪拉克,凯迪拉克XT5,https://p3-dcd.byteimg.com/tos-cn-i-dcdx/a7afef1b740b4f6d9baf0c3d88671967~tplv-resize:640:0.png?psm=motor.rank.data,95,"[45.99, 37.99]",上汽通用凯迪拉克,中型SUV,48V轻混系统,2025.09,3年不限公里
奥迪,奥迪A5L Sportback,https://p9-dcd.byteimg.com/tos-cn-i-dcdx/298009e2bba84aab9c2ee007364e03ef~tplv-resize:640:0.png?psm=motor.rank.data,92,"[39.99, 27.99]",上汽奥迪,中型车,汽油,2025.08,3年或10万公里
坦克,坦克400 Hi4-T,https://p3-dcd.byteimg.com/tos-cn-i-dcdx/4b3bca0e7a1841399b33a401c956b54f~tplv-resize:640:0.png?psm=motor.rank.data,92,"[29.98, 28.58]",长城汽车,中大型SUV,插电式混合动力,2025.11,5年或15万公里
五菱汽车,五菱宏光MINIEV,https://p9-dcd.byteimg.com/tos-cn-i-dcdx/a044522be4b94d78bee5dbc43f056782~tplv-resize:640:0.png?psm=motor.rank.data,92,"[5.58, 3.58]",上汽通用五菱,微型车,纯电动,2026.03,3年或12万公里
比亚迪,汉L EV,https://p9-dcd.byteimg.com/tos-cn-i-dcdx/842923d4bc454c43a072d3183677c5fe~tplv-resize:640:0.png?psm=motor.rank.data,90,"[27.98, 21.98]",比亚迪,中大型车,纯电动,2025.04,6年或15万公里
本田,本田CR-V,https://p3-dcd.byteimg.com/tos-cn-i-dcdx/541410e4d8134f54ab910e4d8fc59005~tplv-resize:640:0.png?psm=motor.rank.data,90,"[24.99, 18.59]",东风本田,紧凑型SUV,汽油,2025.09,3年或10万公里
岚图,岚图知音,https://p3-dcd.byteimg.com/tos-cn-i-dcdx/7b6d69201bba4b599a67688aef8b4e87~tplv-resize:640:0.png?psm=motor.rank.data,89,"[24.29, 19.69]",岚图汽车,中型SUV,纯电动,2025.08,5年或10万公里
坦克,坦克400 Hi4-Z,https://p3-dcd.byteimg.com/tos-cn-i-dcdx/99c32d7cb85049ac9167dbd721b54561~tplv-resize:640:0.png?psm=motor.rank.data,88,"[31.98, 31.98]",长城汽车,中大型SUV,插电式混合动力,2025.11,5年或15万公里
理想汽车,理想L6,https://p3-dcd.byteimg.com/tos-cn-i-dcdx/0cd0f362cc6440b4aff4feed0532f12f~tplv-resize:640:0.png?psm=motor.rank.data,88,"[27.98, 24.98]",理想汽车,中大型SUV,增程式,2025.04,5年或10万公里
比亚迪,海鸥,https://p3-dcd.byteimg.com/tos-cn-i-dcdx/9461142b8e4e43ed9bbb0c211bc3cb9b~tplv-resize:640:0.png?psm=motor.rank.data,87,"[8.59, 6.98]",比亚迪,小型车,纯电动,2026.05,6年或15万公里
坦克,坦克500 Hi4-T,https://p3-dcd.byteimg.com/tos-cn-i-dcdx/9c530ffa51da4ee49ac7ee6fa60771b4~tplv-resize:640:0.png?psm=motor.rank.data,87,"[36.5, 33.5]",长城汽车,中大型SUV,插电式混合动力,2025.08,5年或15万公里
本田,雅阁,https://p3-dcd.byteimg.com/tos-cn-i-dcdx/8fb97d323f40418e817aacb90ae8f644~tplv-resize:640:0.png?psm=motor.rank.data,86,"[23.88, 17.98]",广汽本田,中型车,汽油,2025.03,3年或10万公里
享界,享界S9T,https://p3-dcd.byteimg.com/tos-cn-i-dcdx/613c0834a43548f8bd82888ada27be70~tplv-resize:640:0.png?psm=motor.rank.data,85,"[37.98, 30.98]",北汽新能源,中大型车,增程式,2025.09,4年或10万公里
比亚迪,宋L DM,https://p3-dcd.byteimg.com/tos-cn-i-dcdx/27daf9eeac3041149bfdb84c778475f9~tplv-resize:640:0.png?psm=motor.rank.data,84,"[17.58, 13.58]",比亚迪,中型SUV,插电式混合动力,2025.10,6年或15万公里
阿维塔,阿维塔 06,https://p3-dcd.byteimg.com/tos-cn-i-dcdx/d2bf5d836cc0438292089aed8cdf5e7d~tplv-resize:640:0.png?psm=motor.rank.data,84,"[27.99, 20.99]",阿维塔科技,中型车,增程式,2025.04,5年或12万公里
丰田,皇冠陆放,https://p3-dcd.byteimg.com/tos-cn-i-dcdx/0bcfc8eba77b4c61895a20e86c196bd7~tplv-resize:640:0.png?psm=motor.rank.data,83,"[33.28, 28.48]",一汽丰田,中型SUV,油电混合,2025.10,3年或10万公里
丰田,普拉多,https://p3-dcd.byteimg.com/tos-cn-i-dcdx/15fdd03eb1ca4fe48a4f1d1abfb08d49~tplv-resize:640:0.png?psm=motor.rank.data,82,"[55.98, 44.98]",一汽丰田,中大型SUV,油电混合,2026.05,3年或10万公里
沃尔沃,沃尔沃XC70,https://p3-dcd.byteimg.com/tos-cn-i-dcdx/1b9bfebdc17a4047b765d59fad62c8fe~tplv-resize:640:0.png?psm=motor.rank.data,81,"[49.69, 41.19]",沃尔沃亚太,中大型SUV,插电式混合动力,2026.04,3年不限公里
吉利银河,银河A7 EM,https://p3-dcd.byteimg.com/tos-cn-i-dcdx/b221b18c07534b408f168e58b3e160f0~tplv-resize:640:0.png?psm=motor.rank.data,80,"[13.18, 8.98]",吉利银河,中型车,插电式混合动力,2026.04,4年或10万公里
极氪,ZEEKR 007GT,https://p3-dcd.byteimg.com/tos-cn-i-dcdx/1baee688a6964ab5a8b003148e463e24~tplv-resize:640:0.png?psm=motor.rank.data,80,"[26.29, 20.29]",极氪,中型车,纯电动,2026.04,4年或10万公里
极氪,ZEEKR 8X,https://p3-dcd.byteimg.com/tos-cn-i-dcdx/0c80ca14584f41119a8904a0045fc2af~tplv-resize:640:0.png?psm=motor.rank.data,79,"[50.08, 35.68]",极氪,中大型SUV,插电式混合动力,2026.04,未知
日产,日产N7,https://p3-dcd.byteimg.com/tos-cn-i-dcdx/3c036397a27749aea9869595d11a1cfd~tplv-resize:640:0.png?psm=motor.rank.data,78,"[15.89, 11.99]",东风日产,中大型车,纯电动,2026.04,4年或12万公里
零跑汽车,零跑Lafa5,https://p3-dcd.byteimg.com/tos-cn-i-dcdx/eb3ed5d8c99f4ed390b03980847b91d8~tplv-resize:640:0.png?psm=motor.rank.data,77,"[12.98, 9.78]",零跑汽车,紧凑型车,纯电动,2025.11,6年或15万公里
理想汽车,理想L7,https://p3-dcd.byteimg.com/tos-cn-i-dcdx/a783a546a20d4a7c89202df18dc1fee4~tplv-resize:640:0.png?psm=motor.rank.data,75,"[35.98, 30.18]",理想汽车,中大型SUV,增程式,2025.05,5年或10万公里
奥迪AUDI,奥迪E5 Sportback,https://p9-dcd.byteimg.com/tos-cn-i-dcdx/37b81ebeefd5406c9f7a3e8870c044b1~tplv-resize:640:0.png?psm=motor.rank.data,73,"[31.99, 23.59]",上汽奥迪,中型车,纯电动,2025.09,3年或10万公里
广汽传祺,传祺E8,https://p9-dcd.byteimg.com/tos-cn-i-dcdx/c9d6dc8c81cc4f739f01e0576fca8c54~tplv-resize:640:0.png?psm=motor.rank.data,73,"[17.98, 17.98]",广汽传祺,中型MPV,油电混合,2024.07,3年或10万公里
MINI,MINI COOPER EV(进口),https://p3-dcd.byteimg.com/tos-cn-i-dcdx/505bf125367c4dc3b277bc2b251bbd5f~tplv-resize:640:0.png?psm=motor.rank.data,73,"[0, 0]",MINI,小型车,纯电动,未知,未知
岚图,岚图梦想家 EV,https://p9-dcd.byteimg.com/tos-cn-i-dcdx/02f9cd3ba93a4317821568e954b80d1b~tplv-resize:640:0.png?psm=motor.rank.data,72,"[46.99, 33.99]",岚图汽车,中大型MPV,纯电动,2025.09,5年或10万公里
林肯,航海家,https://p3-dcd.byteimg.com/tos-cn-i-dcdx/d1d4c4d05651471aabefb00b4c747831~tplv-resize:640:0.png?psm=motor.rank.data,72,"[46.88, 30.58]",长安林肯,中型SUV,汽油,2025.09,5年或14万公里
别克,别克至境世家,https://p3-dcd.byteimg.com/tos-cn-i-dcdx/ccaf06a10739429195d3b87123b8ae61~tplv-resize:640:0.png?psm=motor.rank.data,70,"[46.99, 43.99]",别克至境,中大型MPV,插电式混合动力,2025.12,3年或10万公里
名爵,MG4,https://p3-dcd.byteimg.com/tos-cn-i-dcdx/e6605595e9bf4be5a6234f27ecfaadd9~tplv-resize:640:0.png?psm=motor.rank.data,70,"[10.28, 6.88]",上汽集团,紧凑型车,纯电动,2026.04,3年或10万公里
奇瑞,瑞虎8,https://p3-dcd.byteimg.com/tos-cn-i-dcdx/8948b3d3dd0847c8ae890e92abf22cfc~tplv-resize:640:0.png?psm=motor.rank.data,70,"[12.99, 9.99]",奇瑞汽车,中型SUV,汽油,2025.11,3年或10万公里
零跑汽车,零跑B10,https://p3-dcd.byteimg.com/tos-cn-i-dcdx/37728f4ddf574234b6b4cba25ab3e26a~tplv-resize:640:0.png?psm=motor.rank.data,68,"[12.98, 9.98]",零跑汽车,紧凑型SUV,纯电动,2025.04,4年或12万公里
零跑汽车,零跑C11,https://p3-dcd.byteimg.com/tos-cn-i-dcdx/9fe2e951084c42b08cd13db2b3c235d5~tplv-resize:640:0.png?psm=motor.rank.data,68,"[20.58, 14.88]",零跑汽车,中型SUV,增程式,2025.07,4年或12万公里
智己汽车,智己LS6,https://p3-dcd.byteimg.com/tos-cn-i-dcdx/4dda84ada8c540bc86aa3324ecc3aa88~tplv-resize:640:0.png?psm=motor.rank.data,67,"[28.49, 21.29]",智己汽车,中大型SUV,增程式,2025.09,5年或15万公里
别克,君越,https://p3-dcd.byteimg.com/tos-cn-i-dcdx/8900f768debc40cbbeb15a500a4fee0a~tplv-resize:640:0.png?psm=motor.rank.data,66,"[23.99, 20.99]",上汽通用别克,中型车,汽油,2025.09,3年或10万公里
比亚迪,唐L EV,https://p9-dcd.byteimg.com/tos-cn-i-dcdx/b97bce95dee04616b55f545b85723aa1~tplv-resize:640:0.png?psm=motor.rank.data,65,"[28.98, 23.98]",比亚迪,中大型SUV,纯电动,2025.04,6年或15万公里
尊界,尊界S800,https://p3-dcd.byteimg.com/tos-cn-i-dcdx/602ce128e6024bef912bb7053d22f31e~tplv-resize:640:0.png?psm=motor.rank.data,65,"[101.8, 70.8]",江淮汽车,大型车,纯电动,2026.03,4年不限里程
路虎,揽胜极光,https://p3-dcd.byteimg.com/tos-cn-i-dcdx/17fa915b97a743298e3f8bb5233c9d05~tplv-resize:640:0.png?psm=motor.rank.data,65,"[47.58, 42.98]",奇瑞捷豹路虎,中型SUV,48V轻混系统,2025.10,3年或10万公里
哈弗,哈弗H6,https://p3-dcd.byteimg.com/tos-cn-i-dcdx/62328473441241d98a6a623ffe67178f~tplv-resize:640:0.png?psm=motor.rank.data,65,"[14.39, 9.89]",长城汽车,紧凑型SUV,汽油,2025.03,3年或10万公里
吉利汽车,帝豪,https://p9-dcd.byteimg.com/tos-cn-i-dcdx/bc0b49cf6ce64af69812bdf57ce865ac~tplv-resize:640:0.png?psm=motor.rank.data,64,"[9.19, 6.29]",吉利汽车,紧凑型车,汽油,2025.11,4年或15万公里
比亚迪,海豹06DM,https://p9-dcd.byteimg.com/tos-cn-i-dcdx/95f3af7983e74c418ed01255d3238efa~tplv-resize:640:0.png?psm=motor.rank.data,63,"[13.98, 9.68]",比亚迪,中型车,插电式混合动力,2025.11,6年或15万公里
深蓝汽车,深蓝G318,https://p9-dcd.byteimg.com/tos-cn-i-dcdx/e07d2a6bbe1243e1979bc2d6893964d3~tplv-resize:640:0.png?psm=motor.rank.data,63,"[22.99, 18.59]",深蓝汽车,中大型SUV,增程式,2026.03,3年或12万公里
小鹏汽车,小鹏P7,https://p3-dcd.byteimg.com/tos-cn-i-dcdx/7d0261ff50644213b56f6982fdacab0c~tplv-resize:640:0.png?psm=motor.rank.data,63,"[30.18, 20.38]",小鹏汽车,中大型车,纯电动,2026.03,5年或12万公里
奇瑞QQ,QQ3 EV,https://p9-dcd.byteimg.com/tos-cn-i-dcdx/199a86d1354a4dafb213b61b3443d712~tplv-resize:640:0.png?psm=motor.rank.data,62,"[7.89, 5.89]",奇瑞新能源,小型车,纯电动,2026.03,终身质保(责任免除条款以官方为准)
岚图,岚图泰山,https://p3-dcd.byteimg.com/tos-cn-i-dcdx/5f56f8901e384ee0912c7e927cc0e4b7~tplv-resize:640:0.png?psm=motor.rank.data,62,"[50.99, 37.99]",岚图汽车,大型SUV,插电式混合动力,2025.11,5年或10万公里
吉利银河,银河M9,https://p9-dcd.byteimg.com/tos-cn-i-dcdx/4ce0a4be183540a58d72ad06dabed315~tplv-resize:640:0.png?psm=motor.rank.data,61,"[26.98, 18.38]",吉利银河,中大型SUV,插电式混合动力,2026.04,4年或10万公里
长安启源,长安启源A06,https://p3-dcd.byteimg.com/tos-cn-i-dcdx/c105cba3fb9141b48adcdc62554539bd~tplv-resize:640:0.png?psm=motor.rank.data,61,"[14.99, 10.99]",长安启源,中大型车,纯电动,2026.04,6年或15万公里
宝马,宝马i3,https://p3-dcd.byteimg.com/tos-cn-i-dcdx/7179c9f91abe42b1bfca1c56f5cc2763~tplv-resize:640:0.png?psm=motor.rank.data,60,"[41.39, 27.8]",华晨宝马,中型车,纯电动,2026.01,3年或10万公里
红旗,红旗H9,https://p9-dcd.byteimg.com/tos-cn-i-dcdx/2fab95bdc40a42daa3519f17382af761~tplv-resize:640:0.png?psm=motor.rank.data,58,"[53.98, 32.98]",一汽红旗,中大型车,48V轻混系统,2025.08,4年或10万公里
吉利汽车,星瑞,https://p3-dcd.byteimg.com/tos-cn-i-dcdx/0bd351ca4fbb43e88ce265d8f0b869fb~tplv-resize:640:0.png?psm=motor.rank.data,58,"[14.67, 9.87]",吉利汽车,紧凑型车,油电混合,2026.04,4年或10万公里
比亚迪,汉DM,https://p3-dcd.byteimg.com/tos-cn-i-dcdx/982f175304b44f9a8b13330481049460~tplv-resize:640:0.png?psm=motor.rank.data,57,"[22.58, 16.88]",比亚迪,中大型车,插电式混合动力,2025.10,6年或15万公里
长安,长安CS75 PLUS,https://p3-dcd.byteimg.com/tos-cn-i-dcdx/9c588cfcdf8048d0a0cf1736baeccc39~tplv-resize:640:0.png?psm=motor.rank.data,57,"[14.29, 10.89]",长安汽车,紧凑型SUV,油电混合,2026.04,3年或10万公里
奇瑞,瑞虎8L,https://p3-dcd.byteimg.com/tos-cn-i-dcdx/2d834b105a0b46e8a815442a462d280c~tplv-resize:640:0.png?psm=motor.rank.data,56,"[17.49, 12.99]",奇瑞汽车,中型SUV,汽油,2025.06,3年或10万公里
丰田,丰田bZ3,https://p9-dcd.byteimg.com/tos-cn-i-dcdx/1a7c1ba06f614302a02a3a5f94e4db6b~tplv-resize:640:0.png?psm=motor.rank.data,56,"[19.98, 10.98]",一汽丰田,中型车,纯电动,2025.12,3年或10万公里
智己汽车,智己LS8,https://p3-dcd.byteimg.com/tos-cn-i-dcdx/5c0a1299823b4ab181ff7b118967328a~tplv-resize:640:0.png?psm=motor.rank.data,55,"[31.18, 26.18]",智己汽车,中大型SUV,增程式,2026.04,3年或10万公里
丰田,丰田bZ5,https://p9-dcd.byteimg.com/tos-cn-i-dcdx/e94c8df2a58441898c6f6939ed2dc30c~tplv-resize:640:0.png?psm=motor.rank.data,55,"[19.98, 12.98]",一汽丰田,中型SUV,纯电动,2025.06,3年或10万公里
smart,smart精灵#1,https://p3-dcd.byteimg.com/tos-cn-i-dcdx/e59930a8849c48fe89708057c51c0762~tplv-resize:640:0.png?psm=motor.rank.data,54,"[24.99, 15.49]",smart,小型SUV,纯电动,2025.05,4年或15万公里
五菱汽车,五菱宏光V,https://p3-dcd.byteimg.com/motor-mis-img/7fd71a5d85ae9d488214be132d66f555~tplv-resize:640:0.png?psm=motor.rank.data,54,"[5.28, 4.48]",上汽通用五菱,微面,汽油,2022.07,未知
坦克,坦克700 Hi4-T,https://p3-dcd.byteimg.com/tos-cn-i-dcdx/525b2e850f294a4c8290558edc953322~tplv-resize:640:0.png?psm=motor.rank.data,53,"[70, 42.8]",长城汽车,中大型SUV,插电式混合动力,2026.04,5年或15万公里
广汽传祺,传祺GS8,https://p3-dcd.byteimg.com/motor-mis-img/bef1e4e3b0a6fa8de3a3887dcaaad449~tplv-resize:640:0.png?psm=motor.rank.data,53,"[20.58, 15.98]",广汽传祺,中大型SUV,汽油,2024.05,5年或15万公里
奔驰,奔驰GLB,https://p3-dcd.byteimg.com/tos-cn-i-dcdx/05ab32d0a1b6462fa97ed1ecb0b2b183~tplv-resize:640:0.png?psm=motor.rank.data,52,"[36.79, 27.39]",北京奔驰,紧凑型SUV,汽油,2025.11,3年不限公里
沃尔沃,沃尔沃S60,https://p3-dcd.byteimg.com/tos-cn-i-dcdx/56604a383a5248939a3cd04d1b373b61~tplv-resize:640:0.png?psm=motor.rank.data,52,"[38.49, 30.69]",沃尔沃亚太,中型车,48V轻混系统,2025.07,3年不限公里
日产,日产NX8,https://p9-dcd.byteimg.com/tos-cn-i-dcdx/4d1af2abe6264765a3bbbbecbbf0b10d~tplv-resize:640:0.png?psm=motor.rank.data,51,"[20.99, 15.99]",东风日产,中大型SUV,增程式,2026.04,6年或15万公里
极氪,ZEEKR 007,https://p3-dcd.byteimg.com/tos-cn-i-dcdx/35ab5892741442708acdd97c41d971b4~tplv-resize:640:0.png?psm=motor.rank.data,51,"[29.99, 20.39]",极氪,中型车,纯电动,2026.04,4年或10万公里
吉利银河,银河星耀6,https://p3-dcd.byteimg.com/tos-cn-i-dcdx/6f6a872539c44fa581f72589e311f1dd~tplv-resize:640:0.png?psm=motor.rank.data,50,"[10.58, 7.48]",吉利银河,紧凑型车,插电式混合动力,2025.10,6年或15万公里
比亚迪,海狮06DM,https://p3-dcd.byteimg.com/tos-cn-i-dcdx/33ad68f9617b43448e36f7f8e4d763ce~tplv-resize:640:0.png?psm=motor.rank.data,50,"[15.68, 13.98]",比亚迪,中型SUV,插电式混合动力,2025.07,6年或15万公里
现代,库斯途,https://p3-dcd.byteimg.com/tos-cn-i-dcdx/1021e1ea21ad48cc8a366e29eee380b3~tplv-resize:640:0.png?psm=motor.rank.data,50,"[22.08, 17.18]",北京现代,中大型MPV,汽油,2024.08,可选：3年或15万公里/5年或10万公里/7年或7万公里
哈弗,哈弗H9,https://p3-dcd.byteimg.com/tos-cn-i-dcdx/39d4f753881f4cb3bcd764d95f3a599a~tplv-resize:640:0.png?psm=motor.rank.data,50,"[25.79, 19.99]",长城汽车,中大型SUV,汽油,2026.04,5年或15万公里
比亚迪,海豹06DM旅行版,https://p9-dcd.byteimg.com/tos-cn-i-dcdx/e8bb66b8053b4739ba5419afdb147938~tplv-resize:640:0.png?psm=motor.rank.data,49,"[13.99, 10.98]",比亚迪,中型车,插电式混合动力,2026.04,6年或15万公里
本田,本田CR-V PHEV,https://p9-dcd.byteimg.com/tos-cn-i-dcdx/0047a45a573a45fcbfe7e58c31d36acd~tplv-resize:640:0.png?psm=motor.rank.data,49,"[26.99, 22.59]",东风本田,紧凑型SUV,插电式混合动力,2023.03,3年或10万公里
深蓝汽车,深蓝L06,https://p3-dcd.byteimg.com/tos-cn-i-dcdx/942afa8141b747b6a28181ea92a83fbc~tplv-resize:640:0.png?psm=motor.rank.data,48,"[15.69, 12.59]",深蓝汽车,中型车,纯电动,2026.04,5年或12万公里
领克,领克09,https://p3-dcd.byteimg.com/tos-cn-i-dcdx/58462a5635d74f1dae098f5ba61388c9~tplv-resize:640:0.png?psm=motor.rank.data,48,"[26.58, 23.88]",领克,中大型SUV,48V轻混系统,2025.10,5年或10万公里
理想汽车,理想MEGA,https://p9-dcd.byteimg.com/tos-cn-i-dcdx/62971a68ca054c609add93ada6ad41cd~tplv-resize:640:0.png?psm=motor.rank.data,47,"[55.98, 52.98]",理想汽车,大型MPV,纯电动,2025.04,5年或10万公⾥
日产,奇骏,https://p3-dcd.byteimg.com/tos-cn-i-dcdx/cc727a5a167140a4a3eae546dfafb251~tplv-resize:640:0.png?psm=motor.rank.data,47,"[26.29, 16.08]",东风日产,紧凑型SUV,汽油,2025.07,3年或10万公里
大众,ID.ERA 9X,https://p3-dcd.byteimg.com/tos-cn-i-dcdx/a5c1211bddc544ff8e4437ee2cd94b48~tplv-resize:640:0.png?psm=motor.rank.data,46,"[35.98, 30.98]",上汽大众,大型SUV,增程式,2026.04,3年或10万公里
领克,领克08 EM-P,https://p3-dcd.byteimg.com/tos-cn-i-dcdx/03554e383d9e415eb339bb2c931c529a~tplv-resize:640:0.png?psm=motor.rank.data,46,"[22.88, 17.58]",领克,中型SUV,插电式混合动力,2025.09,5年或10万公里
腾势,腾势D9 EV,https://p3-dcd.byteimg.com/tos-cn-i-dcdx/630c66f7b21a46f0bdae2a34d1e55bab~tplv-resize:640:0.png?psm=motor.rank.data,46,"[46.98, 31.98]",腾势汽车,中大型MPV,纯电动,2026.04,6年或15万公里
奥迪,奥迪A5L,https://p9-dcd.byteimg.com/tos-cn-i-dcdx/aee9d99cbdc84431af52691092176642~tplv-resize:640:0.png?psm=motor.rank.data,45,"[34.68, 25.58]",一汽奥迪,中型车,汽油,2025.08,3年或10万公里
日产,逍客,https://p3-dcd.byteimg.com/tos-cn-i-dcdx/b0ba10f07d0747ab9af74e9bac6acaf9~tplv-resize:640:0.png?psm=motor.rank.data,45,"[17.49, 12.59]",东风日产,紧凑型SUV,汽油,2025.07,3年或10万公里
东风奕派,奕派007,https://p3-dcd.byteimg.com/tos-cn-i-dcdx/5c8bba8dfcbf42aa8bc0803416b2af28~tplv-resize:640:0.png?psm=motor.rank.data,44,"[15.49, 11.59]",东风乘用车,中大型车,纯电动,2026.03,3年或10万公里
极氪,ZEEKR 009,https://p3-dcd.byteimg.com/tos-cn-i-dcdx/ff38fe497faf47a5bfeec1a95272f0ed~tplv-resize:640:0.png?psm=motor.rank.data,43,"[89.9, 43.9]",极氪,中大型MPV,纯电动,2026.05,4年或10万公里
奇瑞,艾瑞泽8,https://p3-dcd.byteimg.com/tos-cn-i-dcdx/c98a0ac532b542958b9970362fa2c378~tplv-resize:640:0.png?psm=motor.rank.data,43,"[14.89, 9.99]",奇瑞汽车,紧凑型车,汽油,2025.03,3年或10万公里
吉利银河,银河星舰7 EM-i,https://p9-dcd.byteimg.com/tos-cn-i-dcdx/3acf1f33d6f640bab58aee8bb4bf4f3c~tplv-resize:640:0.png?psm=motor.rank.data,42,"[13.08, 9.78]",吉利银河,紧凑型SUV,插电式混合动力,2025.11,6年或15万公里
领克,领克Z20,https://p9-dcd.byteimg.com/tos-cn-i-dcdx/6db59fb3f9cf47eba41f74232a214fe7~tplv-resize:640:0.png?psm=motor.rank.data,42,"[15.09, 10.99]",领克,紧凑型SUV,纯电动,2025.07,5年或10万公里
大众,ID.4 CROZZ,https://p3-dcd.byteimg.com/tos-cn-i-dcdx/607efd041a344814981894ede3f25e83~tplv-resize:640:0.png?psm=motor.rank.data,42,"[24.36, 14.99]",一汽-大众,紧凑型SUV,纯电动,2025.08,3年或10万公里
本田,奥德赛,https://p3-dcd.byteimg.com/tos-cn-i-dcdx/ed5dc7d3e0384ccc97804975413d1835~tplv-resize:640:0.png?psm=motor.rank.data,42,"[32.88, 23.58]",广汽本田,中型MPV,油电混合,2025.08,3年或10万公里
奔腾,奔腾小马,https://p3-dcd.byteimg.com/tos-cn-i-dcdx/d9b1ba6a4c814c4db94dcd4eb54fe36e~tplv-resize:640:0.png?psm=motor.rank.data,41,"[4.59, 3.49]",一汽奔腾,微型车,纯电动,2025.07,3年或10万公里
阿维塔,阿维塔 12,https://p9-dcd.byteimg.com/tos-cn-i-dcdx/cd4c072ba9d14156abfa90b91b1df07a~tplv-resize:640:0.png?psm=motor.rank.data,41,"[70, 26.99]",阿维塔科技,中大型车,增程式,2026.04,5年或12万公里
智己汽车,智己LS9,https://p3-dcd.byteimg.com/tos-cn-i-dcdx/732e60071ef44797aa48e3f521a3ece3~tplv-resize:640:0.png?psm=motor.rank.data,40,"[36.28, 33.28]",智己汽车,大型SUV,增程式,2025.11,5年或15万公里
红旗,红旗HS6 PHEV,https://p3-dcd.byteimg.com/tos-cn-i-dcdx/47e95923cec94166b410a8f9be7e3b57~tplv-resize:640:0.png?psm=motor.rank.data,40,"[22.88, 17.88]",一汽红旗,中大型SUV,插电式混合动力,2025.12,4年或10万公里
启辰,启辰VX6,https://p3-dcd.byteimg.com/tos-cn-i-dcdx/a00b2c2ef316486dbec5384a722cc5d6~tplv-resize:640:0.png?psm=motor.rank.data,40,"[15.99, 13.49]",东风日产,中型SUV,纯电动,2025.07,6年或15万公里
现代,伊兰特,https://p9-dcd.byteimg.com/tos-cn-i-dcdx/9aeb14b2723e4ccaae09db6088701ec2~tplv-resize:640:0.png?psm=motor.rank.data,40,"[14.98, 9.98]",北京现代,紧凑型车,汽油,2023.08,可选：3年或15万公里/5年或10万公里/7年或7万公里
吉利银河,银河星耀8 PHEV,https://p3-dcd.byteimg.com/tos-cn-i-dcdx/9725a30895f04bf1927b06f59f8a4324~tplv-resize:640:0.png?psm=motor.rank.data,39,"[17.28, 12.58]",吉利银河,中大型车,插电式混合动力,2026.03,4年或10万公里
奥迪,奥迪Q6L e-tron,https://p3-dcd.byteimg.com/tos-cn-i-dcdx/1f311892889a4fcbb1744f908e4590b0~tplv-resize:640:0.png?psm=motor.rank.data,39,"[39.98, 27.98]",一汽奥迪,中型SUV,纯电动,2026.04,3年或10万公里
魏牌,蓝山,https://p9-dcd.byteimg.com/tos-cn-i-dcdx/55aff52d61964e7b840d5ff46c2cc9c1~tplv-resize:640:0.png?psm=motor.rank.data,39,"[32.68, 29.98]",长城汽车,中大型SUV,插电式混合动力,2025.12,5年或15万公里
大众,大众ID.3,https://p9-dcd.byteimg.com/tos-cn-i-dcdx/3855b142af024d1b8867256c2ac5ae13~tplv-resize:640:0.png?psm=motor.rank.data,39,"[15.5888, 12.9888]",上汽大众,紧凑型车,纯电动,2025.09,3年或10万公里
广汽传祺,传祺M6,https://p3-dcd.byteimg.com/tos-cn-i-dcdx/62d9539619de48c6b9a7861b3e1627b9~tplv-resize:640:0.png?psm=motor.rank.data,39,"[13.28, 9.98]",广汽传祺,紧凑型MPV,汽油,2026.05,3年或10万公里
现代,途胜,https://p3-dcd.byteimg.com/tos-cn-i-dcdx/5105f4c26b00494cb2e2986ab373e02e~tplv-resize:640:0.png?psm=motor.rank.data,39,"[21.78, 15.98]",北京现代,紧凑型SUV,汽油,2024.11,可选:3年或15万公里/5年或10万公里/7年或7万公里
北京越野,北京越野BJ40,https://p3-dcd.byteimg.com/tos-cn-i-dcdx/3561062b4f79479993a89f4b215fbaa5~tplv-resize:640:0.png?psm=motor.rank.data,39,"[17.89, 14.58]",北京汽车,紧凑型SUV,汽油,2025.07,5年或15万公里
阿维塔,阿维塔 06T,https://p3-dcd.byteimg.com/tos-cn-i-dcdx/8146fc6921cc40f58c894f1525b0f8e3~tplv-resize:640:0.png?psm=motor.rank.data,38,"[27.99, 21.99]",阿维塔科技,中型车,纯电动,2026.04,5年或12万公里
魏牌,魏牌V9X PHEV,https://p3-dcd.byteimg.com/tos-cn-i-dcdx/85f9e1f9072f4f96a56e9983fc65c869~tplv-resize:640:0.png?psm=motor.rank.data,38,"[38.98, 34.98]",长城汽车,大型SUV,插电式混合动力,2026.05,6年或15万公里
别克,别克至境E7,https://p9-dcd.byteimg.com/tos-cn-i-dcdx/17d0ecd22bfb42abb0d589713861f349~tplv-resize:640:0.png?psm=motor.rank.data,38,"[19.99, 15.99]",别克至境,中型SUV,插电式混合动力,2026.04,3年或10万公里
坦克,坦克300 Hi4-T,https://p3-dcd.byteimg.com/tos-cn-i-dcdx/8341da5c5e6340f5a53b6a5929bb6808~tplv-resize:640:0.png?psm=motor.rank.data,38,"[24.98, 24.98]",长城汽车,紧凑型SUV,插电式混合动力,2025.03,5年或15万公里
大众,高尔夫,https://p9-dcd.byteimg.com/tos-cn-i-dcdx/0f440cb25eb44df2bfb42ed25548a563~tplv-resize:640:0.png?psm=motor.rank.data,38,"[15.89, 12.99]",一汽-大众,紧凑型车,汽油,2025.09,3年或10万公里
奥迪,奥迪Q3,https://p3-dcd.byteimg.com/tos-cn-i-dcdx/ce1c130bbffa4d3cb70f1258dfd11bd6~tplv-resize:640:0.png?psm=motor.rank.data,38,"[29.68, 25.18]",一汽奥迪,紧凑型SUV,汽油,2025.12,3年或10万公里
五菱汽车,星光730 EV,https://p3-dcd.byteimg.com/tos-cn-i-dcdx/1d331ff95a23429cb9eeee832389b76d~tplv-resize:640:0.png?psm=motor.rank.data,37,"[11.78, 10.98]",上汽通用五菱,紧凑型MPV,纯电动,2026.04,6年或15万公里
smart,smart精灵#5 EHD超级电混,https://p3-dcd.byteimg.com/tos-cn-i-dcdx/95f85a1a04d44f8cb59288d29b531861~tplv-resize:640:0.png?psm=motor.rank.data,36,"[23.99, 18.99]",smart,中型SUV,插电式混合动力,2025.10,4年或15万公里
福特,福特烈马,https://p3-dcd.byteimg.com/tos-cn-i-dcdx/932c9224fa6c4c1a990ca6a3cbcb70ee~tplv-resize:640:0.png?psm=motor.rank.data,36,"[49.88, 29.98]",江铃福特,中型SUV,汽油,2026.01,3年或10万公里
埃安,AION V,https://p3-dcd.byteimg.com/tos-cn-i-dcdx/b329963f143c4b57b1e7ad2c3f907db6~tplv-resize:640:0.png?psm=motor.rank.data,36,"[14.18, 10.98]",广汽埃安新能源,紧凑型SUV,纯电动,2025.08,4年或15万公里
大众,与众08,https://p3-dcd.byteimg.com/tos-cn-i-dcdx/ec860f00cf0249c49403d1c636c1f53a~tplv-resize:640:0.png?psm=motor.rank.data,35,"[28.99, 22.99]",大众汽车(安徽),中大型SUV,纯电动,2026.04,3年或10万公里
零跑汽车,零跑D19,https://p9-dcd.byteimg.com/tos-cn-i-dcdx/0820854996144c51bbc4a3846d365679~tplv-resize:640:0.png?psm=motor.rank.data,35,"[26.98, 21.98]",零跑汽车,大型SUV,增程式,2026.04,4年或12万公里
长安,逸动,https://p3-dcd.byteimg.com/tos-cn-i-dcdx/e0d9676066014f75a9f63c3a74d969ef~tplv-resize:640:0.png?psm=motor.rank.data,35,"[10.49, 7.29]",长安汽车,紧凑型车,油电混合,2026.04,3年或10万公里
大众,宝来,https://p3-dcd.byteimg.com/tos-cn-i-dcdx/6569140387014329aaee5c92ae4a3fa1~tplv-resize:640:0.png?psm=motor.rank.data,35,"[14.39, 8.29]",一汽-大众,紧凑型车,汽油,2025.11,3年或10万公里
奔驰,奔驰V级,https://p3-dcd.byteimg.com/tos-cn-i-dcdx/cf19e3c962774001b651146becadbd34~tplv-resize:640:0.png?psm=motor.rank.data,35,"[66.98, 49.68]",福建奔驰,中大型MPV,48V轻混系统,2024.08,3年或6万公里
奥迪,奥迪A4L,https://p3-dcd.byteimg.com/tos-cn-i-dcdx/da440185e7f349d6b0d58938facb129d~tplv-resize:640:0.png?psm=motor.rank.data,35,"[36.28, 28.98]",一汽奥迪,中型车,汽油,2025.02,3年或10万公里
腾势,腾势N8L DM,https://p9-dcd.byteimg.com/tos-cn-i-dcdx/7914574483b74656b6eb5f3e75643043~tplv-resize:640:0.png?psm=motor.rank.data,34,"[32.98, 29.98]",腾势汽车,大型SUV,插电式混合动力,2025.10,6年或15万公里
红旗,红旗HS3 PHEV,https://p3-dcd.byteimg.com/tos-cn-i-dcdx/a819a1fda2d148b6a6e49c7110c38be4~tplv-resize:640:0.png?psm=motor.rank.data,34,"[16.18, 15.98]",一汽红旗,紧凑型SUV,插电式混合动力,2025.08,4年或10万公里
北京越野,北京越野BJ40增程,https://p3-dcd.byteimg.com/tos-cn-i-dcdx/2756377bef83471397913c7e726b217a~tplv-resize:640:0.png?psm=motor.rank.data,34,"[27.98, 17.98]",北京汽车,紧凑型SUV,增程式,2026.01,5年或15万公里
莲花跑车,ForMe,https://p3-dcd.byteimg.com/tos-cn-i-dcdx/e775ab55dd314c37bdbcceeb91a5af7e~tplv-resize:640:0.png?psm=motor.rank.data,33,"[63.8, 50.8]",路特斯,中大型SUV,插电式混合动力,2026.03,5年或15万公里
哈弗,哈弗H6L,https://p3-dcd.byteimg.com/tos-cn-i-dcdx/e69eda2a9bae48bda425b3e6c9d2bbd5~tplv-resize:640:0.png?psm=motor.rank.data,33,"[14.19, 11.79]",长城汽车,中型SUV,汽油,2025.11,3年或10万公里
比亚迪,海豹06GT,https://p9-dcd.byteimg.com/tos-cn-i-dcdx/672c5e9c36d24ac09e4ad2aaced79d78~tplv-resize:640:0.png?psm=motor.rank.data,33,"[18.68, 12.89]",比亚迪,中型车,纯电动,2026.04,6年或15万公里
林肯,林肯Z,https://p3-dcd.byteimg.com/tos-cn-i-dcdx/f2674c8001064a70bf31f29b0e705276~tplv-resize:640:0.png?psm=motor.rank.data,33,"[36.58, 23.58]",长安林肯,中型车,汽油,2024.09,5年或14万公里
蔚来,蔚来EC6,https://p9-dcd.byteimg.com/tos-cn-i-dcdx/0508c831a5904904936f5f59bbece8c1~tplv-resize:640:0.png?psm=motor.rank.data,33,"[37, 35.8]",蔚来,中型SUV,纯电动,2026.04,3年或12万公里
五菱汽车,星光730,https://p3-dcd.byteimg.com/tos-cn-i-dcdx/06743772b8e7446299bee1d080d3273a~tplv-resize:640:0.png?psm=motor.rank.data,32,"[9.18, 7.3]",上汽通用五菱,紧凑型MPV,汽油,2026.04,3年或10万公里
长安启源,长安启源Q07,https://p3-dcd.byteimg.com/tos-cn-i-dcdx/4faa862b8d9f453e9d69ac02b418f912~tplv-resize:640:0.png?psm=motor.rank.data,32,"[17.98, 12.98]",长安启源,中型SUV,插电式混合动力,2025.05,6年或15万公里
吉利银河,熊猫,https://p3-dcd.byteimg.com/tos-cn-i-dcdx/78ca006700884c30ad75d407f626e606~tplv-resize:640:0.png?psm=motor.rank.data,32,"[5.39, 4.69]",吉利银河,微型车,纯电动,2025.04,3年或12万公里
坦克,坦克400,https://p9-dcd.byteimg.com/tos-cn-i-dcdx/a6b49e77976f4587bbb3cfe0ad083a89~tplv-resize:640:0.png?psm=motor.rank.data,32,"[26.48, 24.98]",长城汽车,中大型SUV,48V轻混系统,2025.11,5年或15万公里
领克,领克03,https://p9-dcd.byteimg.com/tos-cn-i-dcdx/08345fc4e121495babf272276402cf16~tplv-resize:640:0.png?psm=motor.rank.data,32,"[42.03, 12.18]",领克,紧凑型车,汽油,2025.10,4年或10万公里
奇瑞,瑞虎7,https://p3-dcd.byteimg.com/tos-cn-i-dcdx/01231c487de2420c97dcc2aa19f8acc7~tplv-resize:640:0.png?psm=motor.rank.data,32,"[9.79, 7.49]",奇瑞汽车,紧凑型SUV,汽油,2026.04,3年或10万公里
捷途山海,捷途山海L7 PLUS,https://p9-dcd.byteimg.com/tos-cn-i-dcdx/826721d8597840aebaee8dd053b8c655~tplv-resize:640:0.png?psm=motor.rank.data,31,"[16.59, 11.99]",奇瑞汽车,中型SUV,插电式混合动力,2025.08,4年或10万公里
五菱汽车,五菱之光EV,https://p3-dcd.byteimg.com/tos-cn-i-dcdx/e14c189f278f4b76ba185a839f46fce1~tplv-resize:640:0.png?psm=motor.rank.data,31,"[5.78, 4.78]",上汽通用五菱,微面,纯电动,2025.02,3年或10万公里
领克,领克10 EM-P,https://p3-dcd.byteimg.com/tos-cn-i-dcdx/c67bb456d8f8427d8f2525a82b3bd63e~tplv-resize:640:0.png?psm=motor.rank.data,30,"[21.38, 17.58]",领克,中大型车,插电式混合动力,2025.12,5年或10万公里
享界,享界S9,https://p3-dcd.byteimg.com/tos-cn-i-dcdx/457e6642ebb84412ad1477e3deac32b1~tplv-resize:640:0.png?psm=motor.rank.data,30,"[37.98, 30.98]",北汽新能源,中大型车,增程式,2025.11,4年或10万公里
大众,揽境,https://p3-dcd.byteimg.com/tos-cn-i-dcdx/eeac6dcca5d34e10aff8e0e2d7f973de~tplv-resize:640:0.png?psm=motor.rank.data,30,"[29.99, 26.99]",一汽-大众,中大型SUV,汽油,2025.08,3年或10万公里
哈弗,哈弗猛龙燃油版,https://p3-dcd.byteimg.com/tos-cn-i-dcdx/a474d8adaa8e4739962644ed543745d5~tplv-resize:640:0.png?psm=motor.rank.data,29,"[16.69, 15.69]",长城汽车,紧凑型SUV,汽油,2025.05,3年或10万公里
领克,领克900,https://p3-dcd.byteimg.com/tos-cn-i-dcdx/2aca42e69f824d708b86d79f36e71e83~tplv-resize:640:0.png?psm=motor.rank.data,29,"[41.69, 29.98]",领克,大型SUV,插电式混合动力,2026.04,5年或10万公里
广汽传祺,传祺向往S7,https://p9-dcd.byteimg.com/tos-cn-i-dcdx/45b50904cf2c4d7e96e1317471f7ff01~tplv-resize:640:0.png?psm=motor.rank.data,29,"[22.98, 15.98]",广汽传祺,中大型SUV,插电式混合动力,2025.09,3年或10万公里
岚图,岚图FREE,https://p3-dcd.byteimg.com/tos-cn-i-dcdx/131c546b47344d22a7cbc915b7186838~tplv-resize:640:0.png?psm=motor.rank.data,29,"[27.99, 21.99]",岚图汽车,中大型SUV,增程式,2025.07,5年或10万公里
五菱汽车,星光730 PHEV,https://p9-dcd.byteimg.com/tos-cn-i-dcdx/ce5f5ab6377b4b2f8f9c41a876ecbf5f~tplv-resize:640:0.png?psm=motor.rank.data,28,"[11.18, 10.38]",上汽通用五菱,紧凑型MPV,插电式混合动力,2026.04,6年或15万公里
哈弗,哈弗猛龙PHEV,https://p3-dcd.byteimg.com/tos-cn-i-dcdx/213983851d424486ae8ad8908171174d~tplv-resize:640:0.png?psm=motor.rank.data,28,"[20.88, 16.58]",长城汽车,紧凑型SUV,插电式混合动力,2025.08,6年或15万公里
方程豹,豹5,https://p3-dcd.byteimg.com/tos-cn-i-dcdx/2ca35da505864d0b91ca397d04e96dd9~tplv-resize:640:0.png?psm=motor.rank.data,28,"[32.98, 23.98]",方程豹,中型SUV,插电式混合动力,2026.05,6年或15万公里
雪铁龙,凡尔赛C5 X,https://p3-dcd.byteimg.com/tos-cn-i-dcdx/fb7abd70b8b248fc90d8fd1009400de6~tplv-resize:640:0.png?psm=motor.rank.data,28,"[18.67, 13.77]",东风雪铁龙,中型车,汽油,2026.03,5年或15万公里
广汽传祺,传祺GS3,https://p3-dcd.byteimg.com/tos-cn-i-dcdx/6fbce6a5eb654901a4a685072d0186b6~tplv-resize:640:0.png?psm=motor.rank.data,28,"[9.98, 7.98]",广汽传祺,小型SUV,汽油,2025.10,3年或10万公里
凯迪拉克,凯迪拉克CT5,https://p9-dcd.byteimg.com/tos-cn-i-dcdx/b02f0aab2a354982a67d5e16c598eeed~tplv-resize:640:0.png?psm=motor.rank.data,27,"[32.09, 28.99]",上汽通用凯迪拉克,中型车,汽油,2025.06,3年不限公里
宝马,宝马i5,https://p9-dcd.byteimg.com/tos-cn-i-dcdx/11076f99f1a44da590f50844645138d7~tplv-resize:640:0.png?psm=motor.rank.data,26,"[53.99, 36.8]",华晨宝马,中大型车,纯电动,2026.02,3年或10万公里
吉利汽车,博越,https://p3-dcd.byteimg.com/tos-cn-i-dcdx/93ea6752ca1e48008ea57f31450fb81f~tplv-resize:640:0.png?psm=motor.rank.data,26,"[10.69, 8.59]",吉利汽车,紧凑型SUV,汽油,2025.08,4年或10万公里
iCAR,iCAR超级V23,https://p3-dcd.byteimg.com/tos-cn-i-dcdx/7120af1900bd4068a7fc25d34d3cc53c~tplv-resize:640:0.png?psm=motor.rank.data,25,"[17.48, 10.98]",奇瑞新能源,紧凑型SUV,纯电动,2025.09,5年或12万公里
比亚迪,宋L EV,https://p9-dcd.byteimg.com/tos-cn-i-dcdx/3ea9b04b17494c5d9845b6ddd5632d38~tplv-resize:640:0.png?psm=motor.rank.data,25,"[24.98, 18.98]",比亚迪,中型SUV,纯电动,2025.02,6年或15万公里
哈弗,哈弗枭龙MAX,https://p3-dcd.byteimg.com/tos-cn-i-dcdx/f8ab4d2210c1481f965043dd1d113a35~tplv-resize:640:0.png?psm=motor.rank.data,25,"[16.98, 13.18]",长城汽车,中型SUV,插电式混合动力,2025.04,6年或15万公里
小鹏汽车,小鹏G9,https://p3-dcd.byteimg.com/tos-cn-i-dcdx/bb5d5491c1bd40e0968d419316960c25~tplv-resize:640:0.png?psm=motor.rank.data,25,"[27.88, 24.88]",小鹏汽车,中大型SUV,纯电动,2026.01,5年或12万公里
奇瑞,瑞虎5x,https://p9-dcd.byteimg.com/tos-cn-i-dcdx/060ec2e0b84d424fb9806d05f912f5ae~tplv-resize:640:0.png?psm=motor.rank.data,25,"[8.39, 5.99]",奇瑞汽车,小型SUV,汽油,2025.04,3年或10万公里
理想汽车,理想L8,https://p3-dcd.byteimg.com/tos-cn-i-dcdx/26a1440a232c4a71bd83ed12139bd2f4~tplv-resize:640:0.png?psm=motor.rank.data,24,"[37.98, 32.18]",理想汽车,中大型SUV,增程式,2025.05,5年或10万公里
福田,风景G5,https://p9-dcd.byteimg.com/motor-mis-img/4b2ca1d36fdb2b2b8dc360db74ec5152~tplv-resize:640:0.png?psm=motor.rank.data,24,"[13.58, 8.55]",福田图雅诺,轻客,汽油,2024.01,3年或6万公里
东风风行,菱智,https://p3-dcd.byteimg.com/tos-cn-i-dcdx/15fe2dcf06d74df5974d3dcd07fb5f42~tplv-resize:640:0.png?psm=motor.rank.data,24,"[9.99, 5.99]",东风风行,中型MPV,汽油,2025.07,5年或10万公里
大众,大众CC,https://p3-dcd.byteimg.com/motor-mis-img/bc1a1cfcace04020b804932bd5c78749~tplv-resize:640:0.png?psm=motor.rank.data,24,"[24.99, 22.49]",一汽-大众,中型车,汽油,2025.09,3年或10万公里
大众,高尔夫GTI,https://p3-dcd.byteimg.com/tos-cn-i-dcdx/a9dc8ba308a849ae9c1cbf0ae40de97c~tplv-resize:640:0.png?psm=motor.rank.data,23,"[20.99, 20.99]",一汽-大众,紧凑型车,汽油,2025.11,3年或10万公里
大众,与众06,https://p9-dcd.byteimg.com/tos-cn-i-dcdx/1c09d401e3ba4ba8b32cb9917e57145d~tplv-resize:640:0.png?psm=motor.rank.data,23,"[24.99, 18.99]",大众汽车(安徽),紧凑型SUV,纯电动,2025.04, 3年或10万公里
奇瑞风云,风云A9L,https://p3-dcd.byteimg.com/tos-cn-i-dcdx/e958401ee7684f5bbf5d5a1de1c905d1~tplv-resize:640:0.png?psm=motor.rank.data,23,"[23.69, 14.99]",奇瑞汽车,中大型车,插电式混合动力,2025.07,3年或10万公里
本田,本田HR-V,https://p3-dcd.byteimg.com/tos-cn-i-dcdx/454c032806604745b624ac6e0cd228f1~tplv-resize:640:0.png?psm=motor.rank.data,23,"[12.59, 10.99]",东风本田,紧凑型SUV,汽油,2026.01,3年或10万公里
红旗,红旗H5 PHEV,https://p9-dcd.byteimg.com/tos-cn-i-dcdx/f24bd38b015840f588c5179d9dee6a0c~tplv-resize:640:0.png?psm=motor.rank.data,23,"[19.98, 18.58]",一汽红旗,中型车,插电式混合动力,2025.04,4年或10万公里
别克,君威,https://p3-dcd.byteimg.com/tos-cn-i-dcdx/1ca5dc0a6f3b422992f8751ecff1fc75~tplv-resize:640:0.png?psm=motor.rank.data,23,"[17.58, 15.98]",上汽通用别克,中型车,汽油,2025.03,3年或10万公里
奔驰,威霆,https://p3-dcd.byteimg.com/tos-cn-i-dcdx/c3f22ffe8d57498493e3336dc3333fd2~tplv-resize:640:0.png?psm=motor.rank.data,23,"[38.68, 29.38]",福建奔驰,中大型MPV,48V轻混系统,2024.08,3年或6万公里
五菱汽车,缤果S,https://p9-dcd.byteimg.com/tos-cn-i-dcdx/fe583d70163f47ab97f855da90ff055a~tplv-resize:640:0.png?psm=motor.rank.data,22,"[8.98, 6.68]",上汽通用五菱,小型车,纯电动,2026.03,4年或15万公里
东风风神,东风风神L8 PHEV,https://p3-dcd.byteimg.com/tos-cn-i-dcdx/67fe3f4785894978b8c1efed3a3a6f3b~tplv-resize:640:0.png?psm=motor.rank.data,22,"[14.99, 12.99]",东风乘用车,紧凑型SUV,插电式混合动力,2025.08,10年不限里程(责任免除条款以官方为准）
比亚迪,夏,https://p3-dcd.byteimg.com/tos-cn-i-dcdx/0c2f148741094b5fb3ebe3abed763d91~tplv-resize:640:0.png?psm=motor.rank.data,22,"[30.98, 20.68]",比亚迪,中大型MPV,插电式混合动力,2025.11,6年或15万公里
东风奕派,奕派008,https://p3-dcd.byteimg.com/tos-cn-i-dcdx/169f01392f75456d8d4a238f16bbb50c~tplv-resize:640:0.png?psm=motor.rank.data,22,"[20.36, 16.99]",东风乘用车,中大型SUV,增程式,2025.10,3年或10万公里
埃安,AION UT,https://p3-dcd.byteimg.com/tos-cn-i-dcdx/25a58812bffd4e59bca87e881851ef25~tplv-resize:640:0.png?psm=motor.rank.data,21,"[10.18, 6.98]",广汽埃安新能源,小型车,纯电动,2026.05,4年或15万公里
广汽传祺,传祺向往M8,https://p9-dcd.byteimg.com/tos-cn-i-dcdx/eecdec3ac7ae469481f3d15721a258fb~tplv-resize:640:0.png?psm=motor.rank.data,21,"[40.99, 26.99]",广汽传祺,中大型MPV,插电式混合动力,2025.10,3年或10万公里
奇瑞风云,风云T11,https://p3-dcd.byteimg.com/tos-cn-i-dcdx/02ef0c5c98c34e6680acc0b9c0bd9f83~tplv-resize:640:0.png?psm=motor.rank.data,21,"[24.99, 18.99]",奇瑞汽车,大型SUV,增程式,2025.10,3年或10万公里
马自达,马自达CX-50行也,https://p3-dcd.byteimg.com/tos-cn-i-dcdx/c72505bf55764e22bd2930275a9c56f9~tplv-resize:640:0.png?psm=motor.rank.data,21,"[23.98, 13.98]",长安马自达,紧凑型SUV,汽油,2026.01,3年或10万公里
奇瑞,瑞虎8 PRO,https://p3-dcd.byteimg.com/tos-cn-i-dcdx/e0361ae8afc44ce596ab10e90db8a2ce~tplv-resize:640:0.png?psm=motor.rank.data,21,"[15.39, 11.99]",奇瑞汽车,中型SUV,汽油,2024.09,3年或10万公里
AITO,问界M5,https://p9-dcd.byteimg.com/tos-cn-i-dcdx/284dc9ac306147368522b76dda294d23~tplv-resize:640:0.png?psm=motor.rank.data,21,"[24.98, 22.98]",赛力斯汽车,中型SUV,增程式,2025.03,4年或10万公里
奇瑞风云,风云T9,https://p9-dcd.byteimg.com/tos-cn-i-dcdx/34abc20736c5446cbe7f2fa1fb15d796~tplv-resize:640:0.png?psm=motor.rank.data,20,"[18.39, 11.99]",奇瑞汽车,中型SUV,插电式混合动力,2026.05,3年或10万公里
理想汽车,理想L9,https://p3-dcd.byteimg.com/tos-cn-i-dcdx/61f3326ce80a4d7a82d5f1e0a37be281~tplv-resize:640:0.png?psm=motor.rank.data,20,"[50.98, 45.98]",理想汽车,大型SUV,增程式,2026.05,5年或10万公里
ARCFOX极狐,极狐 阿尔法S,https://p3-dcd.byteimg.com/tos-cn-i-dcdx/f1583e99b55f453f9bf9da2348eddead~tplv-resize:640:0.png?psm=motor.rank.data,20,"[28.98, 18.98]",北汽新能源,中大型车,纯电动,2024.04,3年或12万公里
荣威,荣威D7 DMH,https://p3-dcd.byteimg.com/tos-cn-i-dcdx/8f5ff099d811440e9765d3840d675d6c~tplv-resize:640:0.png?psm=motor.rank.data,19,"[14.38, 12.38]",上汽集团,中型车,插电式混合动力,2024.11,6年或15万公里
埃安,AION Y,https://p3-dcd.byteimg.com/tos-cn-i-dcdx/d382087dc4bd467f8951919c0b5f8334~tplv-resize:640:0.png?psm=motor.rank.data,19,"[14.58, 9.98]",广汽埃安新能源,紧凑型SUV,纯电动,2025.06,4年或15万公里
大众,威然,https://p3-dcd.byteimg.com/tos-cn-i-dcdx/4cd4facb17b54ead99f1da162272c269~tplv-resize:640:0.png?psm=motor.rank.data,19,"[40.28, 28.98]",上汽大众,中大型MPV,汽油,2025.09,3年或10万公里
五菱汽车,五菱宏光,https://p3-dcd.byteimg.com/tos-cn-i-dcdx/03dc4edc973c4f589f0c9246b8b689fd~tplv-resize:640:0.png?psm=motor.rank.data,19,"[5.78, 5.48]",上汽通用五菱,微面,汽油,2025.11,未知
福特,蒙迪欧,https://p3-dcd.byteimg.com/tos-cn-i-dcdx/f36400509ecb4bf49b2732849dbd15c6~tplv-resize:640:0.png?psm=motor.rank.data,19,"[22.98, 14.98]",长安福特,中型车,汽油,2025.12,3年或10万公里
五菱汽车,星光560,https://p3-dcd.byteimg.com/tos-cn-i-dcdx/e9744622061547979e4d4ddd7f9f7734~tplv-resize:640:0.png?psm=motor.rank.data,18,"[7.58, 6.28]",上汽通用五菱,紧凑型SUV,汽油,2026.01,3年或10万公里
比亚迪,唐L DM,https://p3-dcd.byteimg.com/tos-cn-i-dcdx/945b04cd564f400c84b98e10829125a5~tplv-resize:640:0.png?psm=motor.rank.data,18,"[28.58, 22.98]",比亚迪,中大型SUV,插电式混合动力,2025.04,6年或15万公里
捷途山海,捷途旅行者C-DM,https://p3-dcd.byteimg.com/tos-cn-i-dcdx/a9c000b1bb6346c68b89ee2ca7f07c8c~tplv-resize:640:0.png?psm=motor.rank.data,18,"[23.99, 15.99]",奇瑞汽车,紧凑型SUV,插电式混合动力,2025.11,4年或10万公里
宝马,宝马iX1,https://p3-dcd.byteimg.com/tos-cn-i-dcdx/4d809604d4254210965fba85250ede75~tplv-resize:640:0.png?psm=motor.rank.data,18,"[33.99, 22.8]",华晨宝马,紧凑型SUV,纯电动,2026.01,3年或10万公里
五菱汽车,五菱宏光纯电版,https://p9-dcd.byteimg.com/tos-cn-i-dcdx/62f1deee1c1141f0a9cb3fa0caf70268~tplv-resize:640:0.png?psm=motor.rank.data,18,"[7.28, 6.98]",上汽通用五菱,微面,纯电动,2024.09,未知
别克,微蓝6,https://p3-dcd.byteimg.com/tos-cn-i-dcdx/878a489c1fc54377b34bffe0ed76b4c7~tplv-resize:640:0.png?psm=motor.rank.data,18,"[16.89, 11.28]",上汽通用别克,紧凑型车,纯电动,2023.10,3年或10万公里
现代,索纳塔,https://p9-dcd.byteimg.com/tos-cn-i-dcdx/9d6d54839e6846ef9a26c1c66cc68d61~tplv-resize:640:0.png?psm=motor.rank.data,18,"[18.68, 13.98]",北京现代,中型车,汽油,2024.03,可选：3年或15万公里/5年或10万公里/7年或7万公里
212,212 T01,https://p9-dcd.byteimg.com/tos-cn-i-dcdx/6939d354a9824963bfbd868953d5fe06~tplv-resize:640:0.png?psm=motor.rank.data,17,"[21.99, 13.99]",二一二越野车,紧凑型SUV,汽油,2026.04,5年或15万公里
MINI,电动MINI ACEMAN,https://p9-dcd.byteimg.com/tos-cn-i-dcdx/c1093102339940549ef3af5dc2fafee6~tplv-resize:640:0.png?psm=motor.rank.data,17,"[27.99, 22.99]",光束汽车,小型SUV,纯电动,2025.10,3年或10万公里
日产,探陆,https://p3-dcd.byteimg.com/tos-cn-i-dcdx/1e9d215e79504327b7fcee191d8caaf4~tplv-resize:640:0.png?psm=motor.rank.data,17,"[30.18, 23.98]",东风日产,中大型SUV,汽油,2024.03,3年或10万公里
极氪,ZEEKR X,https://p3-dcd.byteimg.com/tos-cn-i-dcdx/87bf9e60731445798436e52d5c9c042d~tplv-resize:640:0.png?psm=motor.rank.data,17,"[19.9, 14.9]",极氪,紧凑型SUV,纯电动,2025.11,4年或10万公里
大众,ID.4 X,https://p9-dcd.byteimg.com/tos-cn-i-dcdx/d16a58d2e5694b7b84ba28604a6421e0~tplv-resize:640:0.png?psm=motor.rank.data,17,"[21.1888, 15.9888]",上汽大众,紧凑型SUV,纯电动,2025.05,3年或10万公里
长安,长安CS55 PLUS,https://p9-dcd.byteimg.com/tos-cn-i-dcdx/f7e8293a72f146f6beda509020985d4c~tplv-resize:640:0.png?psm=motor.rank.data,17,"[11.39, 9.29]",长安汽车,紧凑型SUV,汽油,2025.09,3年或10万公里
奔驰,奔驰CLA EV,https://p3-dcd.byteimg.com/tos-cn-i-dcdx/cee78baa4d86432387a5a0bcee6926ef~tplv-resize:640:0.png?psm=motor.rank.data,16,"[29.99, 22.9]",北京奔驰,紧凑型车,纯电动,2026.04,3年不限公里
ARCFOX极狐,极狐 考拉,https://p3-dcd.byteimg.com/tos-cn-i-dcdx/6a1f9bf3228f4c4a8e386f2e8f1a10ef~tplv-resize:640:0.png?psm=motor.rank.data,16,"[16.98, 13.18]",北汽新能源,紧凑型MPV,纯电动,2023.09,5年或12万公里
领克,领克06,https://p3-dcd.byteimg.com/tos-cn-i-dcdx/f854ea304aef4666947eb40a08608abb~tplv-resize:640:0.png?psm=motor.rank.data,16,"[12.98, 10.86]",领克,小型SUV,汽油,2025.08,4年或10万公里
奔驰,奔驰EQB,https://p9-dcd.byteimg.com/tos-cn-i-dcdx/6248b7820b1e454d882f85606981367e~tplv-resize:640:0.png?psm=motor.rank.data,16,"[42.8, 35.2]",北京奔驰,紧凑型SUV,纯电动,2024.08,3年不限公里
捷达,捷达VS5,https://p9-dcd.byteimg.com/tos-cn-i-dcdx/c375f1508b1e4ec6902a072796b540a2~tplv-resize:640:0.png?psm=motor.rank.data,16,"[12.19, 8.79]",一汽-大众捷达,紧凑型SUV,汽油,2025.10,3年或10万公里
大众,凌渡,https://p3-dcd.byteimg.com/tos-cn-i-dcdx/4b1f18ece99a4a14b61734c75cbccd86~tplv-resize:640:0.png?psm=motor.rank.data,16,"[19.59, 15.09]",上汽大众,紧凑型车,汽油,2025.08,3年或10万公里
比亚迪,唐DM,https://p3-dcd.byteimg.com/tos-cn-i-dcdx/db15adf4a0ab478589e5ab61807df13c~tplv-resize:640:0.png?psm=motor.rank.data,16,"[20.78, 17.98]",比亚迪,中型SUV,插电式混合动力,2025.09,6年或15万公里
宝马,宝马2系,https://p3-dcd.byteimg.com/tos-cn-i-dcdx/1b1a492d476f4e1e9a71c7821c99f846~tplv-resize:640:0.png?psm=motor.rank.data,15,"[29.8, 20.8]",华晨宝马,紧凑型车,汽油,2026.01,3年或10万公里
智界,智界S7,https://p3-dcd.byteimg.com/tos-cn-i-dcdx/18497615456c401d95e7d5e79c184e55~tplv-resize:640:0.png?psm=motor.rank.data,15,"[29.98, 22.98]",奇瑞汽车,中大型车,纯电动,2025.08,4年或10万公里
别克,别克E5,https://p3-dcd.byteimg.com/tos-cn-i-dcdx/e019aca29b5b47a28b0719e0aea03062~tplv-resize:640:0.png?psm=motor.rank.data,15,"[18.99, 16.99]",上汽通用别克,中大型SUV,纯电动,2025.06,3年或10万公里
吉利汽车,豪越L,https://p3-dcd.byteimg.com/tos-cn-i-dcdx/5827eb09d0594155a0ce1c4fb1085459~tplv-resize:640:0.png?psm=motor.rank.data,15,"[15.39, 9.99]",吉利汽车,中型SUV,汽油,2025.11,4年或10万公里
长安凯程,睿行EM60,https://p3-dcd.byteimg.com/tos-cn-i-dcdx/f38ea2ae3e0840eeb762779f6a35c858~tplv-resize:640:0.png?psm=motor.rank.data,15,"[17.29, 6.69]",长安轻型车,微面,纯电动,2026.03,未知
林肯,冒险家,https://p9-dcd.byteimg.com/tos-cn-i-dcdx/1c8edac3a21c48b7a408b1f89c4d16a0~tplv-resize:640:0.png?psm=motor.rank.data,15,"[34.58, 23.58]",长安林肯,紧凑型SUV,汽油,2026.04,5年或14万公里
长安凯程,睿行M60,https://p3-dcd.byteimg.com/tos-cn-i-dcdx/07d162af10a24a0f833485252021123e~tplv-resize:640:0.png?psm=motor.rank.data,15,"[6.54, 5.49]",长安轻型车,微面,压缩天然气(CNG),2025.07,未知
大众,探歌,https://p9-dcd.byteimg.com/tos-cn-i-dcdx/854d92c324144a8baf7f4a1229768f5e~tplv-resize:640:0.png?psm=motor.rank.data,15,"[15.87, 13.89]",一汽-大众,紧凑型SUV,汽油,2025.09,3年或10万公里
奇瑞,瑞虎3x,https://p3-dcd.byteimg.com/tos-cn-i-dcdx/359e33695ba04757bb83246794819b05~tplv-resize:640:0.png?psm=motor.rank.data,15,"[6.99, 5.79]",奇瑞汽车,小型SUV,汽油,2024.08,3年或10万公里
奇瑞风云,风云T9L,https://p3-dcd.byteimg.com/tos-cn-i-dcdx/1bfd8d1868f1406487d5e30b8d3ae4ad~tplv-resize:640:0.png?psm=motor.rank.data,14,"[18.69, 12.99]",奇瑞汽车,中型SUV,插电式混合动力,2026.04,3年或10万公里
大众,与众07,https://p9-dcd.byteimg.com/tos-cn-i-dcdx/171f9ec6ade24da2b142f450d87724bb~tplv-resize:640:0.png?psm=motor.rank.data,14,"[0, 0]",大众汽车(安徽),中型车,纯电动,未知,未知
猛士,猛士M817,https://p9-dcd.byteimg.com/tos-cn-i-dcdx/09a7f26d13bb462b84b000813ed0b052~tplv-resize:640:0.png?psm=motor.rank.data,14,"[36.99, 30.19]",猛士科技,大型SUV,插电式混合动力,2025.11,6年或15万公里
比亚迪,汉L DM,https://p3-dcd.byteimg.com/tos-cn-i-dcdx/7e60b72580ff4963b7c7788dce573e72~tplv-resize:640:0.png?psm=motor.rank.data,14,"[25.98, 20.98]",比亚迪,中大型车,插电式混合动力,2025.04,6年或15万公里
荣威,荣威D6,https://p3-dcd.byteimg.com/tos-cn-i-dcdx/e34c796a4f9840eba2aaa732a41ec6d6~tplv-resize:640:0.png?psm=motor.rank.data,14,"[13.98, 9.98]",上汽集团,紧凑型车,纯电动,2026.04,3年或10万公里
哈弗,哈弗H5,https://p9-dcd.byteimg.com/tos-cn-i-dcdx/4611e0de6c144447bec6e8afe4603a64~tplv-resize:640:0.png?psm=motor.rank.data,14,"[17.78, 14.78]",长城汽车,大型SUV,汽油,2025.03,3年或10万公里
起亚,狮铂拓界,https://p3-dcd.byteimg.com/tos-cn-i-dcdx/187b3d71fd0d43a1a8d0f12e95934de7~tplv-resize:640:0.png?psm=motor.rank.data,14,"[23.78, 15.49]",起亚,紧凑型SUV,汽油,2026.03,5年或10万公里
领克,领克07 EM-P,https://p9-dcd.byteimg.com/tos-cn-i-dcdx/838ec1e233614f3b9c64c6416770defa~tplv-resize:640:0.png?psm=motor.rank.data,14,"[17.58, 15.58]",领克,中型车,插电式混合动力,2025.09,5年或10万公里
奥迪,奥迪A7L,https://p3-dcd.byteimg.com/tos-cn-i-dcdx/dfe5bc8192d64010adf766872e11f634~tplv-resize:640:0.png?psm=motor.rank.data,14,"[66.62, 41.87]",上汽奥迪,中大型车,汽油,2025.06,3年或10万公里
奇瑞,艾瑞泽5,https://p3-dcd.byteimg.com/tos-cn-i-dcdx/0e2331b1cedf4623bdb7a813bfcc2c2f~tplv-resize:640:0.png?psm=motor.rank.data,14,"[6.99, 5.99]",奇瑞汽车,紧凑型车,汽油,2025.06,3年或10万公里
江淮瑞风,瑞风M3,https://p9-dcd.byteimg.com/tos-cn-i-dcdx/75413675bb584b12b0c69d89817e5619~tplv-resize:640:0.png?psm=motor.rank.data,14,"[12.79, 6.58]",江汽集团,紧凑型MPV,汽油,2024.11,3年或10万公里
标致,标致408,https://p3-dcd.byteimg.com/motor-mis-img/e734863947662cd987a9be96b479f828~tplv-resize:640:0.png?psm=motor.rank.data,14,"[11.87, 10.97]",东风标致,紧凑型车,汽油,2024.03,5年或15万公里
五菱汽车,五菱宏光增程版,https://p9-dcd.byteimg.com/tos-cn-i-dcdx/7ae4f82d13d84b688a6cd6c7ea8d9e84~tplv-resize:640:0.png?psm=motor.rank.data,13,"[7.98, 6.88]",上汽通用五菱,微面,增程式,2025.04,未知
长安启源,长安启源A07,https://p3-dcd.byteimg.com/tos-cn-i-dcdx/4dfa9373364640268f0cb1d54bd87c3b~tplv-resize:640:0.png?psm=motor.rank.data,13,"[16.59, 11.99]",长安启源,中大型车,增程式,2025.09,3年或12万公里
曹操汽车,曹操60,https://p3-dcd.byteimg.com/tos-cn-i-dcdx/fef8894a0d9b4d42a1d0a42d7f6e8416~tplv-resize:640:0.png?psm=motor.rank.data,13,"[16.98, 12.98]",曹操汽车,紧凑型车,纯电动,2024.09,2年15万公里
坦克,坦克500,https://p9-dcd.byteimg.com/tos-cn-i-dcdx/03cbc63ee9224060b21769b76b320385~tplv-resize:640:0.png?psm=motor.rank.data,13,"[36.3, 35.5]",长城汽车,中大型SUV,48V轻混系统,2025.08,5年或15万公里
长安凯程,欧诺S,https://p9-dcd.byteimg.com/tos-cn-i-dcdx/4bf5bc010a754e178c69005f1a95ce0c~tplv-resize:640:0.png?psm=motor.rank.data,13,"[5.44, 4.69]",长安轻型车,微面,汽油,2025.03,未知
本田,思域,https://p3-dcd.byteimg.com/tos-cn-i-dcdx/fa344d1cb32747ff8cbca45a9c7be79e~tplv-resize:640:0.png?psm=motor.rank.data,13,"[17.99, 9.79]",东风本田,紧凑型车,汽油,2026.04,3年或10万公里
埃安,AION N60,https://p3-dcd.byteimg.com/tos-cn-i-dcdx/55a97dec2d964271b7c26799ae213896~tplv-resize:640:0.png?psm=motor.rank.data,12,"[12.98, 10.98]",广汽埃安新能源,紧凑型SUV,纯电动,2026.04,4年或15万公里
别克,别克至境世家纯电,https://p9-dcd.byteimg.com/tos-cn-i-dcdx/8d632c31b55941a48a0b95aeb3575450~tplv-resize:640:0.png?psm=motor.rank.data,12,"[48.99, 48.99]",别克至境,中大型MPV,纯电动,2026.03,3年或10万公里
五菱汽车,星光560 PHEV,https://p3-dcd.byteimg.com/tos-cn-i-dcdx/4aa13f55a33a44bd9d990feeb2cf7133~tplv-resize:640:0.png?psm=motor.rank.data,12,"[9.18, 9.18]",上汽通用五菱,紧凑型SUV,插电式混合动力,2026.01,6年或15万公里
马自达,马自达EZ-60,https://p9-dcd.byteimg.com/tos-cn-i-dcdx/f54c52621cfa4ef5b80f2226a0642cf3~tplv-resize:640:0.png?psm=motor.rank.data,12,"[16.69, 11.99]",长安马自达,中型SUV,增程式,2026.01,3年或10万公里
广汽昊铂,昊铂HT,https://p3-dcd.byteimg.com/tos-cn-i-dcdx/b63ab8d60d9144f89285ccb2acb2bcc3~tplv-resize:640:0.png?psm=motor.rank.data,12,"[22.99, 18.99]",广汽埃安新能源,中大型SUV,纯电动,2025.07,6年或15万公里
红旗,红旗HQ9 PHEV,https://p3-dcd.byteimg.com/tos-cn-i-dcdx/e6cfd90ea6404a79a9ede056d4cbfee1~tplv-resize:640:0.png?psm=motor.rank.data,12,"[53.88, 35.88]",一汽红旗,中大型MPV,插电式混合动力,2024.04,4年或10万公里
奇瑞,欧萌达,https://p3-dcd.byteimg.com/tos-cn-i-dcdx/e808c50f5aa946ceb93ff4ec14c8ad63~tplv-resize:640:0.png?psm=motor.rank.data,12,"[12.99, 12.99]",奇瑞汽车,紧凑型SUV,汽油,2025.02,3年或10万公里
林肯,飞行家,https://p3-dcd.byteimg.com/tos-cn-i-dcdx/664df940ff5242238c0dcf49e106578e~tplv-resize:640:0.png?psm=motor.rank.data,12,"[76.38, 50.08]",长安林肯,中大型SUV,汽油,2024.08,5年或14万公里
起亚,奕跑,https://p3-dcd.byteimg.com/motor-mis-img/3634d1e1b33e9b6c6c8163d55fcca20c~tplv-resize:640:0.png?psm=motor.rank.data,12,"[8.38, 6.98]",起亚,小型SUV,汽油,2025.11,3年或10万公里
捷豹,捷豹XFL,https://p3-dcd.byteimg.com/tos-cn-i-dcdx/ff4471d5fe15485abe12491dc23c2c78~tplv-resize:640:0.png?psm=motor.rank.data,12,"[48.99, 43.99]",奇瑞捷豹路虎,中大型车,汽油,2025.08,3年或10万公里
五菱汽车,缤果Pro,https://p9-dcd.byteimg.com/tos-cn-i-dcdx/3dceb9bcd7f846c98efeba95908837f2~tplv-resize:640:0.png?psm=motor.rank.data,11,"[0, 0]",上汽通用五菱,小型车,纯电动,2026.05,4年或15万公里
欧拉,欧拉5纯电版,https://p3-dcd.byteimg.com/tos-cn-i-dcdx/2058a4b505c24fef8a770984fe846d61~tplv-resize:640:0.png?psm=motor.rank.data,11,"[13.38, 9.98]",长城汽车,紧凑型SUV,纯电动,2025.12,4年或15万公里
东风奕派,纳米01,https://p9-dcd.byteimg.com/tos-cn-i-dcdx/fa491ccc0e4747f18a782b441836de1d~tplv-resize:640:0.png?psm=motor.rank.data,11,"[9.28, 5.98]",东风乘用车,小型车,纯电动,2025.10,3年或10万公里
奥迪,奥迪Q6,https://p3-dcd.byteimg.com/tos-cn-i-dcdx/c3f766c832b04063aa7fe6898656c1e1~tplv-resize:640:0.png?psm=motor.rank.data,11,"[61.06, 46.76]",上汽奥迪,中大型SUV,汽油,2026.01,3年或10万公里
欧拉,欧拉好猫,https://p9-dcd.byteimg.com/tos-cn-i-dcdx/538ddbd6b2164b8ea6ef186f0b9d41a1~tplv-resize:640:0.png?psm=motor.rank.data,11,"[10.38, 8.38]",长城汽车,小型车,纯电动,2025.06,4年或15万公里
长安凯程,长安之星5,https://p3-dcd.byteimg.com/tos-cn-i-dcdx/0b3e146ddb454d6dba723f184308d835~tplv-resize:640:0.png?psm=motor.rank.data,11,"[4.09, 3.89]",长安轻型车,微面,汽油,2022.07,未知
丰田,雷凌,https://p3-dcd.byteimg.com/tos-cn-i-dcdx/97d0a358d1154519879a9cc3642d2adc~tplv-resize:640:0.png?psm=motor.rank.data,11,"[14.88, 12.98]",广汽丰田,紧凑型车,油电混合,2025.12,3年或10万公里
